Structure of the permanent resident population by canton, on 31.12.2023;;;;;;;;;;;;;;;;;;T 01.02.03.04
;Total;Age;;;Sex;;Citizenship;;Marital status 1;;;;;;;Typology: Area with urban character 2;;
;;0–19;20–64;65 and over;Male;Female;Swiss;Foreigner;Single;Married;Widowed;Divorced;Unmarried;In a registered partnership;Partnership dissolved;Urban core;Area influenced;Area beyond
;;;;;;;;;;;;;;;;area;by urban cores;urban core
;;;;;;;;;;;;;;;;;;influence
Switzerland;8.962.258 ;1.788.440 ;5.443.532 ;1.730.286 ;4.451.532 ;4.510.726 ;6.544.970 ;2.417.288 ;4.127.991 ;3.615.921 ;403.261 ;797.858 ;733 ;11.722 ;4.018 ;5.643.707 ;1.962.454 ;1.356.097 
Lake Geneva region;1.736.124 ;365.836 ;1.066.594 ;303.694 ;851.611 ;884.513 ;1.140.993 ;595.131 ;842.801 ;654.392 ;72.185 ;162.605 ;235 ;2.750 ;926 ;1.200.494 ;370.335 ;165.295 
Vaud;845.870 ;184.231 ;519.663 ;141.976 ;415.697 ;430.173 ;561.410 ;284.460 ;418.325 ;315.182 ;33.595 ;76.804 ;90 ;1.292 ;444 ;521.241 ;236.125 ;88.504 
Valais;365.844 ;70.577 ;219.937 ;75.330 ;182.413 ;183.431 ;273.857 ;91.987 ;163.137 ;149.547 ;18.664 ;33.968 ;44 ;310 ;114 ;201.600 ;87.453 ;76.791 
Geneva;524.410 ;111.028 ;326.994 ;86.388 ;253.501 ;270.909 ;305.726 ;218.684 ;261.339 ;189.663 ;19.926 ;51.833 ;101 ;1.148 ;368 ;477.653 ;46.757 ;0 
Espace Mittelland;1.944.753 ;385.379 ;1.154.922 ;404.452 ;961.157 ;983.596 ;1.538.772 ;405.981 ;881.538 ;784.279 ;95.409 ;180.496 ;145 ;2.007 ;737 ;973.102 ;519.662 ;451.989 
Bern;1.063.533 ;203.904 ;624.823 ;234.806 ;522.248 ;541.285 ;873.149 ;190.384 ;478.542 ;432.439 ;54.030 ;96.804 ;71 ;1.148 ;442 ;559.799 ;236.233 ;267.501 
Fribourg;341.537 ;74.535 ;209.478 ;57.524 ;170.884 ;170.653 ;257.057 ;84.480 ;162.486 ;134.688 ;13.835 ;30.021 ;35 ;320 ;119 ;111.017 ;142.877 ;87.643 
Solothurn;286.844 ;55.335 ;171.450 ;60.059 ;143.570 ;143.274 ;215.055 ;71.789 ;123.185 ;122.480 ;14.062 ;26.671 ;15 ;313 ;88 ;172.737 ;73.426 ;40.681 
Neuchâtel;178.291 ;36.388 ;106.520 ;35.383 ;87.554 ;90.737 ;130.853 ;47.438 ;83.895 ;65.266 ;9.108 ;19.777 ;12 ;166 ;63 ;104.433 ;52.086 ;21.772 
Jura;74.548 ;15.217 ;42.651 ;16.680 ;36.901 ;37.647 ;62.658 ;11.890 ;33.430 ;29.406 ;4.374 ;7.223 ;12 ;60 ;25 ;25.116 ;15.040 ;34.392 
Northwest Switzerland;1.225.762 ;241.847 ;739.074 ;244.841 ;609.883 ;615.879 ;875.812 ;349.950 ;543.408 ;515.684 ;56.490 ;108.031 ;74 ;1.539 ;467 ;800.203 ;315.787 ;109.772 
Basel-Stadt;200.031 ;35.405 ;125.332 ;39.294 ;97.361 ;102.670 ;123.470 ;76.561 ;100.761 ;69.830 ;9.334 ;19.440 ;22 ;484 ;152 ;200.031 ;0 ;0 
Basel-Landschaft;298.837 ;57.976 ;172.325 ;68.536 ;146.562 ;152.275 ;224.047 ;74.790 ;124.917 ;130.738 ;15.879 ;26.752 ;17 ;416 ;98 ;203.068 ;88.782 ;6.987 
Aargau;726.894 ;148.466 ;441.417 ;137.011 ;365.960 ;360.934 ;528.295 ;198.599 ;317.730 ;315.116 ;31.277 ;61.839 ;35 ;639 ;217 ;397.104 ;227.005 ;102.785 
Zurich;1.605.508 ;317.627 ;1.009.978 ;277.903 ;800.992 ;804.516 ;1.145.802 ;459.706 ;776.147 ;624.220 ;61.840 ;138.631 ;98 ;3.221 ;1.221 ;1.240.833 ;354.088 ;10.587 
Eastern Switzerland;1.237.469 ;245.111 ;741.855 ;250.503 ;622.444 ;615.025 ;925.586 ;311.883 ;540.228 ;529.104 ;58.658 ;107.971 ;73 ;1.010 ;313 ;672.735 ;212.177 ;352.557 
Glarus;42.056 ;8.072 ;25.004 ;8.980 ;21.274 ;20.782 ;30.989 ;11.067 ;18.088 ;17.934 ;2.235 ;3.742 ;3 ;37 ;13 ;32.397 ;0 ;9.659 
Schaffhausen;87.111 ;16.521 ;51.468 ;19.122 ;43.329 ;43.782 ;62.442 ;24.669 ;36.925 ;37.385 ;4.528 ;8.122 ;4 ;104 ;36 ;49.879 ;28.367 ;8.865 
Appenzell A. Rh.;56.495 ;11.654 ;32.875 ;11.966 ;28.438 ;28.057 ;46.455 ;10.040 ;24.450 ;24.138 ;2.762 ;5.065 ;2 ;59 ;16 ;15.893 ;27.230 ;13.372 
Appenzell I. Rh.;16.585 ;3.444 ;9.696 ;3.445 ;8.518 ;8.067 ;14.519 ;2.066 ;7.524 ;7.100 ;846 ;1.103 ;1 ;8 ;3 ;0 ;0 ;16.585 
St. Gallen;535.114 ;109.388 ;322.746 ;102.980 ;269.080 ;266.034 ;393.155 ;141.959 ;237.152 ;227.109 ;24.566 ;45.644 ;29 ;411 ;120 ;370.709 ;70.013 ;94.392 
Graubünden;204.888 ;35.797 ;121.842 ;47.249 ;102.927 ;101.961 ;162.697 ;42.191 ;88.610 ;87.262 ;10.725 ;18.074 ;19 ;144 ;47 ;67.455 ;24.953 ;112.480 
Thurgau;295.220 ;60.235 ;178.224 ;56.761 ;148.878 ;146.342 ;215.329 ;79.891 ;127.479 ;128.176 ;12.996 ;26.221 ;15 ;247 ;78 ;136.402 ;61.614 ;97.204 
Central Switzerland;854.922 ;169.763 ;520.931 ;164.228 ;431.286 ;423.636 ;664.211 ;190.711 ;387.452 ;362.128 ;37.380 ;66.736 ;59 ;853 ;254 ;501.344 ;112.938 ;240.640 
Lucerne;432.744 ;87.655 ;264.188 ;80.901 ;216.015 ;216.729 ;341.873 ;90.871 ;201.825 ;178.762 ;18.955 ;32.565 ;29 ;437 ;139 ;227.876 ;49.629 ;155.239 
Uri;37.931 ;7.542 ;21.992 ;8.397 ;19.342 ;18.589 ;32.289 ;5.642 ;16.367 ;17.233 ;1.988 ;2.310 ;6 ;21 ;5 ;23.359 ;10.126 ;4.446 
Schwyz;167.403 ;32.139 ;102.749 ;32.515 ;85.877 ;81.526 ;127.559 ;39.844 ;73.397 ;72.077 ;7.355 ;14.353 ;8 ;155 ;51 ;101.578 ;35.878 ;29.947 
Obwalden;39.272 ;7.780 ;23.288 ;8.204 ;19.849 ;19.423 ;32.835 ;6.437 ;17.392 ;17.066 ;1.877 ;2.902 ;1 ;25 ;5 ;10.742 ;0 ;28.530 
Nidwalden;45.016 ;8.067 ;26.836 ;10.113 ;23.024 ;21.992 ;37.232 ;7.784 ;19.544 ;19.433 ;2.099 ;3.888 ;2 ;32 ;5 ;16.351 ;6.187 ;22.478 
Zug;132.556 ;26.580 ;81.878 ;24.098 ;67.179 ;65.377 ;92.423 ;40.133 ;58.927 ;57.557 ;5.106 ;10.718 ;13 ;183 ;49 ;121.438 ;11.118 ;0 
Ticino;357.720 ;62.877 ;210.178 ;84.665 ;174.159 ;183.561 ;253.794 ;103.926 ;156.417 ;146.114 ;21.299 ;33.388 ;49 ;342 ;100 ;254.996 ;77.467 ;25.257 
1 Break in time series: From 2014 onwards excl. “no indication”;;;;;;;;;;;;;;;;;;
"2 According to FSO typology ""Area with urban character, 2012"", areas as defined on 31.12.2023";;;;;;;;;;;;;;;;;;
Source: Federal Statistical Office, STATPOP;;;;;;;;;;;;;;;;;;
© FSO ;;;;;;;;;;;;;;;;;;
;;;;;;;;;;;;;;;;;;
Information: Federal Statistical Office (FSO), Section Demography and Migration, info.dem@bfs.admin.ch, tel. 058 463 67 11;;;;;;;;;;;;;;;;;;

Structure of the permanent resident population by canton, on 31.12.2022;;;;;;;;;;;;;;;;;;T 01.02.03.04
;Total;Age;;;Sex;;Citizenship;;Marital status 1;;;;;;;Typology: Area with urban character 2;;
;;0–19;20–64;65 and over;Male;Female;Swiss;Foreigner;Single;Married;Widowed;Divorced;Unmarried;In a registered partnership;Partnership dissolved;Urban core;Area influenced;Area beyond
;;;;;;;;;;;;;;;;area;by urban cores;urban core
;;;;;;;;;;;;;;;;;;influence
Switzerland;8.815.385 ;1.755.213 ;5.368.549 ;1.691.623 ;4.379.953 ;4.435.432 ;6.519.362 ;2.296.023 ;4.024.051 ;3.589.295 ;402.798 ;780.357 ;647 ;14.293 ;3.682 ;5.547.579 ;1.932.177 ;1.335.629 
Lake Geneva region;1.701.827 ;358.186 ;1.046.653 ;296.988 ;835.051 ;866.776 ;1.130.600 ;571.227 ;816.952 ;649.510 ;72.194 ;158.686 ;228 ;3.360 ;849 ;1.176.727 ;363.754 ;161.346 
Vaud;830.431 ;180.828 ;510.764 ;138.839 ;408.209 ;422.222 ;554.772 ;275.659 ;405.980 ;313.352 ;33.611 ;75.333 ;83 ;1.646 ;405 ;511.867 ;232.420 ;86.144 
Valais;357.282 ;68.941 ;215.062 ;73.279 ;177.835 ;179.447 ;272.671 ;84.611 ;157.310 ;148.115 ;18.653 ;32.679 ;38 ;373 ;100 ;196.906 ;85.174 ;75.202 
Geneva;514.114 ;108.417 ;320.827 ;84.870 ;249.007 ;265.107 ;303.157 ;210.957 ;253.662 ;188.043 ;19.930 ;50.674 ;107 ;1.341 ;344 ;467.954 ;46.160 ;0 
Espace Mittelland;1.918.746 ;379.054 ;1.144.199 ;395.493 ;948.765 ;969.981 ;1.536.189 ;382.557 ;862.111 ;781.413 ;95.513 ;176.418 ;121 ;2.438 ;678 ;958.079 ;513.602 ;447.065 
Bern;1.051.437 ;200.509 ;620.777 ;230.151 ;516.805 ;534.632 ;872.661 ;178.776 ;469.022 ;431.354 ;54.214 ;94.967 ;57 ;1.389 ;416 ;551.861 ;234.361 ;265.215 
Fribourg;334.465 ;73.118 ;205.729 ;55.618 ;167.569 ;166.896 ;255.175 ;79.290 ;157.683 ;133.499 ;13.755 ;28.986 ;28 ;405 ;99 ;108.282 ;140.065 ;86.118 
Solothurn;282.408 ;54.189 ;169.758 ;58.461 ;141.168 ;141.240 ;214.403 ;68.005 ;120.412 ;121.474 ;14.045 ;25.990 ;13 ;367 ;83 ;169.914 ;72.522 ;39.972 
Neuchâtel;176.571 ;36.157 ;105.474 ;34.940 ;86.657 ;89.914 ;131.328 ;45.243 ;82.116 ;65.602 ;9.140 ;19.433 ;13 ;205 ;61 ;103.225 ;51.728 ;21.618 
Jura;73.865 ;15.081 ;42.461 ;16.323 ;36.566 ;37.299 ;62.622 ;11.243 ;32.878 ;29.484 ;4.359 ;7.042 ;10 ;72 ;19 ;24.797 ;14.926 ;34.142 
Northwest Switzerland;1.202.435 ;236.134 ;727.022 ;239.279 ;598.131 ;604.304 ;872.250 ;330.185 ;528.247 ;509.976 ;56.395 ;105.374 ;66 ;1.905 ;437 ;785.150 ;309.970 ;107.315 
Basel-Stadt;196.786 ;34.516 ;123.376 ;38.894 ;95.937 ;100.849 ;123.465 ;73.321 ;98.160 ;69.212 ;9.522 ;19.145 ;21 ;598 ;121 ;196.786 ;0 ;0 
Basel-Landschaft;294.417 ;56.709 ;170.422 ;67.286 ;144.441 ;149.976 ;223.876 ;70.541 ;121.799 ;130.051 ;15.814 ;26.126 ;13 ;504 ;104 ;199.822 ;87.691 ;6.904 
Aargau;711.232 ;144.909 ;433.224 ;133.099 ;357.753 ;353.479 ;524.909 ;186.323 ;308.288 ;310.713 ;31.059 ;60.103 ;32 ;803 ;212 ;388.542 ;222.279 ;100.411 
Zurich;1.579.967 ;312.392 ;994.624 ;272.951 ;788.846 ;791.121 ;1.141.651 ;438.316 ;756.713 ;619.417 ;61.890 ;136.723 ;83 ;3.970 ;1.124 ;1.221.626 ;347.932 ;10.409 
Eastern Switzerland;1.217.015 ;240.361 ;732.845 ;243.809 ;612.142 ;604.873 ;922.217 ;294.798 ;527.723 ;523.754 ;58.432 ;105.541 ;54 ;1.188 ;280 ;660.548 ;209.104 ;347.363 
Glarus;41.471 ;7.968 ;24.758 ;8.745 ;20.975 ;20.496 ;30.918 ;10.553 ;17.630 ;17.889 ;2.258 ;3.638 ;2 ;44 ;9 ;31.943 ;0 ;9.528 
Schaffhausen;85.214 ;16.063 ;50.430 ;18.721 ;42.318 ;42.896 ;62.066 ;23.148 ;35.698 ;36.956 ;4.518 ;7.887 ;3 ;121 ;27 ;48.606 ;27.907 ;8.701 
Appenzell A. Rh.;55.759 ;11.365 ;32.747 ;11.647 ;28.114 ;27.645 ;46.395 ;9.364 ;24.016 ;23.935 ;2.744 ;4.983 ;1 ;66 ;14 ;15.744 ;26.922 ;13.093 
Appenzell I. Rh.;16.416 ;3.392 ;9.674 ;3.350 ;8.408 ;8.008 ;14.510 ;1.906 ;7.420 ;7.045 ;855 ;1.083 ;1 ;9 ;3 ;0 ;0 ;16.416 
St. Gallen;525.967 ;107.360 ;318.282 ;100.325 ;264.521 ;261.446 ;392.009 ;133.958 ;231.778 ;224.539 ;24.426 ;44.592 ;20 ;470 ;111 ;364.320 ;68.936 ;92.711 
Graubünden;202.538 ;35.349 ;121.064 ;46.125 ;101.760 ;100.778 ;162.686 ;39.852 ;87.011 ;86.944 ;10.737 ;17.628 ;15 ;157 ;42 ;66.483 ;24.663 ;111.392 
Thurgau;289.650 ;58.864 ;175.890 ;54.896 ;146.046 ;143.604 ;213.633 ;76.017 ;124.170 ;126.446 ;12.894 ;25.730 ;12 ;321 ;74 ;133.452 ;60.676 ;95.522 
Central Switzerland;841.372 ;166.893 ;514.866 ;159.613 ;424.681 ;416.691 ;661.858 ;179.514 ;379.110 ;359.041 ;37.017 ;64.854 ;52 ;1.043 ;222 ;493.605 ;110.895 ;236.872 
Lucerne;424.851 ;85.932 ;260.162 ;78.757 ;212.021 ;212.830 ;340.582 ;84.269 ;196.755 ;176.873 ;18.845 ;31.692 ;27 ;520 ;127 ;223.366 ;48.728 ;152.757 
Uri;37.317 ;7.362 ;21.811 ;8.144 ;19.007 ;18.310 ;32.224 ;5.093 ;16.026 ;17.082 ;1.973 ;2.200 ;6 ;25 ;5 ;22.995 ;9.998 ;4.324 
Schwyz;164.920 ;31.575 ;101.903 ;31.442 ;84.722 ;80.198 ;127.120 ;37.800 ;72.025 ;71.493 ;7.227 ;13.926 ;4 ;197 ;44 ;100.253 ;35.258 ;29.409 
Obwalden;38.700 ;7.638 ;23.137 ;7.925 ;19.574 ;19.126 ;32.652 ;6.048 ;17.104 ;16.975 ;1.823 ;2.767 ;1 ;25 ;4 ;10.654 ;0 ;28.046 
Nidwalden;44.420 ;7.906 ;26.689 ;9.825 ;22.783 ;21.637 ;37.150 ;7.270 ;19.240 ;19.214 ;2.064 ;3.839 ;2 ;44 ;4 ;16.062 ;6.022 ;22.336 
Zug;131.164 ;26.480 ;81.164 ;23.520 ;66.574 ;64.590 ;92.130 ;39.034 ;57.960 ;57.404 ;5.085 ;10.430 ;12 ;232 ;38 ;120.275 ;10.889 ;0 
Ticino;354.023 ;62.193 ;208.340 ;83.490 ;172.337 ;181.686 ;254.597 ;99.426 ;153.195 ;146.184 ;21.357 ;32.761 ;43 ;389 ;92 ;251.844 ;76.920 ;25.259 
1 Break in time series: From 2014 onwards excl. “no indication”;;;;;;;;;;;;;;;;;;
"2 According to FSO typology ""Area with urban character, 2012"", areas as defined on 31.12.2022";;;;;;;;;;;;;;;;;;
Source: Federal Statistical Office, STATPOP;;;;;;;;;;;;;;;;;;
© FSO ;;;;;;;;;;;;;;;;;;
;;;;;;;;;;;;;;;;;;
Information: Federal Statistical Office (FSO), Section Demography and Migration, info.dem@bfs.admin.ch, tel. 058 463 67 11;;;;;;;;;;;;;;;;;;

Structure of the permanent resident population by canton, on 31.12.2021;;;;;;;;;;;;;;;;;;T 01.02.03.04
;Total;Age;;;Sex;;Citizenship;;Marital status 1;;;;;;;Typology: Area with urban character 2;;
;;0–19;20–64;65 and over;Male;Female;Swiss;Foreigner;Single;Married;Widowed;Divorced;Unmarried;In a registered partnership;Partnership dissolved;Urban core;Area influenced;Area beyond
;;;;;;;;;;;;;;;;area;by urban cores;urban core
;;;;;;;;;;;;;;;;;;influence
Switzerland;8.738.791 ;1.742.898 ;5.334.574 ;1.661.319 ;4.338.203 ;4.400.588 ;6.494.610 ;2.244.181 ;3.963.699 ;3.580.260 ;403.549 ;767.336 ;636 ;19.705 ;3.343 ;5.497.342 ;1.908.838 ;1.332.611 
Lake Geneva region;1.685.625 ;355.581 ;1.037.507 ;292.537 ;826.704 ;858.921 ;1.124.459 ;561.166 ;802.549 ;649.059 ;72.504 ;156.154 ;210 ;4.310 ;789 ;1.165.784 ;359.974 ;159.867 
Vaud;822.968 ;179.789 ;506.501 ;136.678 ;404.311 ;418.657 ;550.447 ;272.521 ;399.014 ;313.418 ;33.901 ;74.074 ;77 ;2.076 ;386 ;506.885 ;230.723 ;85.360 
Valais;353.209 ;68.414 ;213.030 ;71.765 ;175.475 ;177.734 ;271.208 ;82.001 ;154.332 ;147.735 ;18.537 ;31.922 ;31 ;554 ;83 ;194.781 ;83.921 ;74.507 
Geneva;509.448 ;107.378 ;317.976 ;84.094 ;246.918 ;262.530 ;302.804 ;206.644 ;249.203 ;187.906 ;20.066 ;50.158 ;102 ;1.680 ;320 ;464.118 ;45.330 ;0 
Espace Mittelland;1.907.491 ;377.165 ;1.141.731 ;388.595 ;942.630 ;964.861 ;1.532.757 ;374.734 ;851.601 ;782.070 ;96.071 ;173.602 ;125 ;3.347 ;620 ;952.809 ;509.515 ;445.167 
Bern;1.047.473 ;199.744 ;621.199 ;226.530 ;514.609 ;532.864 ;871.624 ;175.849 ;464.576 ;432.225 ;54.602 ;93.639 ;58 ;1.965 ;389 ;549.964 ;233.241 ;264.268 
Fribourg;329.809 ;72.292 ;203.367 ;54.150 ;165.058 ;164.751 ;253.020 ;76.789 ;154.328 ;132.883 ;13.684 ;28.252 ;26 ;546 ;79 ;106.310 ;137.898 ;85.601 
Solothurn;280.245 ;53.622 ;169.413 ;57.210 ;140.047 ;140.198 ;213.728 ;66.517 ;118.971 ;120.954 ;14.088 ;25.620 ;15 ;489 ;84 ;168.651 ;71.932 ;39.662 
Neuchâtel;176.166 ;36.347 ;105.216 ;34.603 ;86.394 ;89.772 ;131.653 ;44.513 ;81.073 ;66.304 ;9.297 ;19.176 ;14 ;251 ;51 ;103.187 ;51.500 ;21.479 
Jura;73.798 ;15.160 ;42.536 ;16.102 ;36.522 ;37.276 ;62.732 ;11.066 ;32.653 ;29.704 ;4.400 ;6.915 ;12 ;96 ;17 ;24.697 ;14.944 ;34.157 
Northwest Switzerland;1.191.939 ;233.565 ;723.704 ;234.670 ;592.477 ;599.462 ;868.904 ;323.035 ;520.749 ;507.988 ;56.414 ;103.628 ;67 ;2.667 ;395 ;779.365 ;299.616 ;112.958 
Basel-Stadt;196.036 ;34.337 ;122.872 ;38.827 ;95.406 ;100.630 ;123.872 ;72.164 ;96.818 ;69.509 ;9.702 ;19.076 ;21 ;795 ;110 ;196.036 ;0 ;0 
Basel-Landschaft;292.817 ;56.267 ;170.238 ;66.312 ;143.638 ;149.179 ;223.507 ;69.310 ;120.231 ;130.332 ;15.822 ;25.616 ;11 ;715 ;88 ;198.771 ;87.178 ;6.868 
Aargau;703.086 ;142.961 ;430.594 ;129.531 ;353.433 ;349.653 ;521.525 ;181.561 ;303.700 ;308.147 ;30.890 ;58.936 ;35 ;1.157 ;197 ;384.558 ;212.438 ;106.090 
Zurich;1.564.662 ;310.609 ;984.746 ;269.307 ;780.245 ;784.417 ;1.136.406 ;428.256 ;743.633 ;616.559 ;62.153 ;135.482 ;80 ;5.686 ;1.017 ;1.208.239 ;346.094 ;10.329 
Eastern Switzerland;1.203.715 ;237.971 ;727.612 ;238.132 ;604.645 ;599.070 ;918.232 ;285.483 ;519.619 ;520.646 ;58.198 ;103.195 ;58 ;1.733 ;232 ;652.656 ;207.081 ;343.978 
Glarus;41.190 ;7.889 ;24.747 ;8.554 ;20.812 ;20.378 ;30.891 ;10.299 ;17.476 ;17.824 ;2.293 ;3.530 ;2 ;56 ;9 ;31.700 ;0 ;9.490 
Schaffhausen;83.995 ;15.831 ;49.828 ;18.336 ;41.608 ;42.387 ;61.688 ;22.307 ;34.957 ;36.677 ;4.509 ;7.661 ;2 ;162 ;26 ;47.770 ;27.558 ;8.667 
Appenzell A. Rh.;55.585 ;11.313 ;32.862 ;11.410 ;27.993 ;27.592 ;46.368 ;9.217 ;23.785 ;23.954 ;2.763 ;4.973 ;1 ;99 ;10 ;15.679 ;26.853 ;13.053 
Appenzell I. Rh.;16.360 ;3.417 ;9.616 ;3.327 ;8.389 ;7.971 ;14.479 ;1.881 ;7.387 ;7.051 ;855 ;1.056 ;1 ;8 ;2 ;0 ;0 ;16.360 
St. Gallen;519.245 ;106.272 ;314.899 ;98.074 ;260.651 ;258.594 ;389.811 ;129.434 ;227.645 ;222.885 ;24.278 ;43.581 ;26 ;714 ;86 ;359.447 ;68.123 ;91.675 
Graubünden;201.376 ;35.248 ;121.024 ;45.104 ;101.045 ;100.331 ;162.520 ;38.856 ;86.183 ;86.950 ;10.737 ;17.216 ;14 ;239 ;34 ;66.054 ;24.667 ;110.655 
Thurgau;285.964 ;58.001 ;174.636 ;53.327 ;144.147 ;141.817 ;212.475 ;73.489 ;122.186 ;125.305 ;12.763 ;25.178 ;12 ;455 ;65 ;132.006 ;59.880 ;94.078 
Central Switzerland;833.178 ;165.651 ;511.804 ;155.723 ;420.053 ;413.125 ;659.542 ;173.636 ;374.188 ;357.169 ;36.925 ;63.156 ;53 ;1.442 ;206 ;488.495 ;109.752 ;234.931 
Lucerne;420.326 ;85.214 ;258.090 ;77.022 ;209.465 ;210.861 ;339.079 ;81.247 ;193.764 ;176.065 ;18.815 ;30.803 ;26 ;720 ;121 ;220.641 ;48.133 ;151.552 
Uri;37.047 ;7.366 ;21.709 ;7.972 ;18.844 ;18.203 ;32.143 ;4.904 ;15.941 ;16.965 ;1.981 ;2.112 ;6 ;37 ;5 ;22.782 ;9.933 ;4.332 
Schwyz;163.689 ;31.400 ;101.748 ;30.541 ;84.061 ;79.628 ;126.855 ;36.834 ;71.384 ;71.177 ;7.192 ;13.603 ;5 ;284 ;41 ;99.436 ;35.041 ;29.212 
Obwalden;38.435 ;7.612 ;23.127 ;7.696 ;19.454 ;18.981 ;32.623 ;5.812 ;16.930 ;16.937 ;1.831 ;2.680 ;1 ;50 ;4 ;10.650 ;0 ;27.785 
Nidwalden;43.894 ;7.860 ;26.489 ;9.545 ;22.488 ;21.406 ;37.080 ;6.814 ;18.935 ;19.078 ;2.075 ;3.721 ;2 ;60 ;4 ;16.027 ;5.817 ;22.050 
Zug;129.787 ;26.199 ;80.641 ;22.947 ;65.741 ;64.046 ;91.762 ;38.025 ;57.234 ;56.947 ;5.031 ;10.237 ;13 ;291 ;31 ;118.959 ;10.828 ;0 
Ticino;352.181 ;62.356 ;207.470 ;82.355 ;171.449 ;180.732 ;254.310 ;97.871 ;151.360 ;146.769 ;21.284 ;32.119 ;43 ;520 ;84 ;249.994 ;76.806 ;25.381 
1 Break in time series: From 2014 onwards excl. “no indication”;;;;;;;;;;;;;;;;;;
"2 According to FSO typology ""Area with urban character, 2012"", areas as defined on 31.12.2021";;;;;;;;;;;;;;;;;;
Source: Federal Statistical Office, STATPOP;;;;;;;;;;;;;;;;;;
© FSO ;;;;;;;;;;;;;;;;;;
;;;;;;;;;;;;;;;;;;
Information: Federal Statistical Office (FSO), Section Demography and Migration, info.dem@bfs.admin.ch, tel. 058 463 67 11;;;;;;;;;;;;;;;;;;

Structure of the permanent resident population by canton, on 31.12.2020;;;;;;;;;;;;;;;;;;T 01.02.03.04
;Total;Age;;;Sex;;Citizenship;;Marital status 1;;;;;;;Typology: Area with urban character 2;;
;;0–19;20–64;65 and over;Male;Female;Swiss;Foreigner;Single;Married;Widowed;Divorced;Unmarried;In a registered partnership;Partnership dissolved;Urban core;Area influenced;Area beyond
;;;;;;;;;;;;;;;;area;by urban cores;urban core
;;;;;;;;;;;;;;;;;;influence
Switzerland;8.670.300 ;1.726.301 ;5.314.329 ;1.629.670 ;4.302.599 ;4.367.701 ;6.459.512 ;2.210.788 ;3.903.333 ;3.588.894 ;403.471 ;751.735 ;617 ;19.022 ;2.981 ;5.459.871 ;1.892.586 ;1.317.843 
Lake Geneva region;1.669.608 ;352.457 ;1.029.714 ;287.437 ;818.492 ;851.116 ;1.115.756 ;553.852 ;786.918 ;652.560 ;72.456 ;152.562 ;197 ;4.166 ;693 ;1.154.478 ;357.221 ;157.909 
Vaud;814.762 ;178.201 ;502.049 ;134.512 ;400.217 ;414.545 ;544.045 ;270.717 ;390.456 ;315.488 ;33.856 ;72.495 ;74 ;2.046 ;322 ;502.562 ;227.934 ;84.266 
Valais;348.503 ;67.768 ;210.723 ;70.012 ;172.955 ;175.548 ;268.980 ;79.523 ;150.781 ;147.805 ;18.447 ;30.828 ;32 ;514 ;80 ;190.528 ;84.332 ;73.643 
Geneva;506.343 ;106.488 ;316.942 ;82.913 ;245.320 ;261.023 ;302.731 ;203.612 ;245.681 ;189.267 ;20.153 ;49.239 ;91 ;1.606 ;291 ;461.388 ;44.955 ;0 
Espace Mittelland;1.895.693 ;374.276 ;1.140.813 ;380.604 ;936.569 ;959.124 ;1.526.914 ;368.779 ;840.219 ;785.146 ;96.427 ;169.945 ;118 ;3.232 ;550 ;947.795 ;508.274 ;439.624 
Bern;1.043.132 ;198.135 ;622.565 ;222.432 ;512.300 ;530.832 ;869.681 ;173.451 ;459.553 ;434.188 ;54.891 ;92.148 ;55 ;1.922 ;355 ;548.169 ;231.971 ;262.992 
Fribourg;325.496 ;71.566 ;201.329 ;52.601 ;162.985 ;162.511 ;250.287 ;75.209 ;151.140 ;132.998 ;13.544 ;27.196 ;26 ;515 ;64 ;105.813 ;137.812 ;81.871 
Solothurn;277.462 ;52.851 ;168.974 ;55.637 ;138.626 ;138.836 ;212.535 ;64.927 ;117.216 ;120.496 ;14.082 ;25.090 ;14 ;466 ;75 ;167.217 ;71.077 ;39.168 
Neuchâtel;175.894 ;36.481 ;105.285 ;34.128 ;86.184 ;89.710 ;131.671 ;44.223 ;79.901 ;67.413 ;9.456 ;18.822 ;13 ;246 ;43 ;101.854 ;52.618 ;21.422 
Jura;73.709 ;15.243 ;42.660 ;15.806 ;36.474 ;37.235 ;62.740 ;10.969 ;32.409 ;30.051 ;4.454 ;6.689 ;10 ;83 ;13 ;24.742 ;14.796 ;34.171 
Northwest Switzerland;1.181.776 ;230.414 ;721.349 ;230.013 ;587.202 ;594.574 ;863.570 ;318.206 ;512.675 ;508.144 ;56.434 ;101.449 ;65 ;2.642 ;340 ;775.204 ;295.878 ;110.694 
Basel-Stadt;196.735 ;34.218 ;123.788 ;38.729 ;95.621 ;101.114 ;124.151 ;72.584 ;96.080 ;70.666 ;9.966 ;19.112 ;21 ;791 ;95 ;196.735 ;0 ;0 
Basel-Landschaft;290.969 ;55.753 ;170.100 ;65.116 ;142.767 ;148.202 ;222.404 ;68.565 ;118.581 ;130.683 ;15.809 ;25.080 ;11 ;726 ;77 ;197.713 ;86.359 ;6.897 
Aargau;694.072 ;140.443 ;427.461 ;126.168 ;348.814 ;345.258 ;517.015 ;177.057 ;298.014 ;306.795 ;30.659 ;57.257 ;33 ;1.125 ;168 ;380.756 ;209.519 ;103.797 
Zurich;1.553.423 ;307.069 ;980.693 ;265.661 ;774.299 ;779.124 ;1.129.722 ;423.701 ;732.076 ;618.478 ;62.232 ;134.045 ;81 ;5.517 ;947 ;1.200.621 ;342.561 ;10.241 
Eastern Switzerland;1.193.069 ;235.425 ;724.940 ;232.704 ;598.955 ;594.114 ;912.802 ;280.267 ;512.342 ;519.867 ;57.991 ;100.949 ;57 ;1.629 ;199 ;647.355 ;204.582 ;341.132 
Glarus;40.851 ;7.821 ;24.610 ;8.420 ;20.625 ;20.226 ;30.753 ;10.098 ;17.182 ;17.884 ;2.283 ;3.443 ;2 ;50 ;7 ;31.371 ;0 ;9.480 
Schaffhausen;83.107 ;15.515 ;49.632 ;17.960 ;41.162 ;41.945 ;61.267 ;21.840 ;34.219 ;36.690 ;4.538 ;7.485 ;1 ;151 ;22 ;47.419 ;27.219 ;8.469 
Appenzell A. Rh.;55.309 ;11.163 ;32.940 ;11.206 ;27.883 ;27.426 ;46.135 ;9.174 ;23.560 ;24.002 ;2.765 ;4.882 ;1 ;87 ;12 ;15.649 ;26.711 ;12.949 
Appenzell I. Rh.;16.293 ;3.414 ;9.621 ;3.258 ;8.361 ;7.932 ;14.420 ;1.873 ;7.396 ;7.039 ;849 ;1.001 ;1 ;5 ;2 ;0 ;0 ;16.293 
St. Gallen;514.504 ;105.183 ;313.333 ;95.988 ;258.108 ;256.396 ;387.398 ;127.106 ;224.463 ;222.302 ;24.223 ;42.706 ;27 ;678 ;74 ;356.434 ;67.446 ;90.624 
Graubünden;200.096 ;35.161 ;120.785 ;44.150 ;100.289 ;99.807 ;161.989 ;38.107 ;85.157 ;87.156 ;10.715 ;16.788 ;13 ;234 ;30 ;65.578 ;24.325 ;110.193 
Thurgau;282.909 ;57.168 ;174.019 ;51.722 ;142.527 ;140.382 ;210.840 ;72.069 ;120.365 ;124.794 ;12.618 ;24.644 ;12 ;424 ;52 ;130.904 ;58.881 ;93.124 
Central Switzerland;825.745 ;164.123 ;509.382 ;152.240 ;416.252 ;409.493 ;656.639 ;169.106 ;369.320 ;356.682 ;36.709 ;61.420 ;58 ;1.354 ;178 ;484.754 ;108.297 ;232.694 
Lucerne;416.347 ;84.267 ;256.790 ;75.290 ;207.582 ;208.765 ;337.132 ;79.215 ;191.095 ;175.836 ;18.746 ;29.842 ;25 ;693 ;98 ;218.741 ;47.404 ;150.202 
Uri;36.819 ;7.315 ;21.739 ;7.765 ;18.768 ;18.051 ;32.073 ;4.746 ;15.821 ;16.962 ;1.965 ;2.025 ;6 ;35 ;5 ;22.675 ;9.870 ;4.274 
Schwyz;162.157 ;31.099 ;101.197 ;29.861 ;83.109 ;79.048 ;126.227 ;35.930 ;70.456 ;70.988 ;7.144 ;13.244 ;10 ;276 ;36 ;98.652 ;34.560 ;28.945 
Obwalden;38.108 ;7.589 ;23.034 ;7.485 ;19.268 ;18.840 ;32.475 ;5.633 ;16.708 ;16.949 ;1.808 ;2.592 ;2 ;45 ;3 ;10.514 ;0 ;27.594 
Nidwalden;43.520 ;7.863 ;26.388 ;9.269 ;22.298 ;21.222 ;36.996 ;6.524 ;18.745 ;19.047 ;2.048 ;3.620 ;2 ;48 ;5 ;15.978 ;5.863 ;21.679 
Zug;128.794 ;25.990 ;80.234 ;22.570 ;65.227 ;63.567 ;91.736 ;37.058 ;56.495 ;56.900 ;4.998 ;10.097 ;13 ;257 ;31 ;118.194 ;10.600 ;0 
Ticino;350.986 ;62.537 ;207.438 ;81.011 ;170.830 ;180.156 ;254.109 ;96.877 ;149.783 ;148.017 ;21.222 ;31.365 ;41 ;482 ;74 ;249.664 ;75.773 ;25.549 
1 Break in time series: From 2014 onwards excl. “no indication”;;;;;;;;;;;;;;;;;;
"2 According to FSO typology ""Area with urban character, 2012"", areas as defined on 31.12.2020";;;;;;;;;;;;;;;;;;
Source: Federal Statistical Office, STATPOP;;;;;;;;;;;;;;;;;;
© FSO ;;;;;;;;;;;;;;;;;;
;;;;;;;;;;;;;;;;;;
Information: Federal Statistical Office (FSO), Section Demography and Migration, info.dem@bfs.admin.ch, tel. 058 463 67 11;;;;;;;;;;;;;;;;;;

Structure of the permanent resident population by canton, on 31.12.2019;;;;;;;;;;;;;;;;;;T 01.02.03.04
;Total;Age;;;Sex;;Citizenship;;Marital status 1;;;;;;;Typology: Area with urban character 2;;
;;0–19;20–64;65 and over;Male;Female;Swiss;Foreigner;Single;Married;Widowed;Divorced;Unmarried;In a registered partnership;Partnership dissolved;Urban core;Area influenced;Area beyond
;;;;;;;;;;;;;;;;area;by urban cores;urban core
;;;;;;;;;;;;;;;;;;influence
Switzerland;8.606.033 ;1.717.198 ;5.283.035 ;1.605.800 ;4.268.863 ;4.337.170 ;6.430.658 ;2.175.375 ;3.843.439 ;3.599.225 ;404.591 ;737.094 ;596 ;18.231 ;2.606 ;5.422.227 ;1.874.960 ;1.308.846 
Lake Geneva region;1.654.751 ;350.184 ;1.019.602 ;284.965 ;810.627 ;844.124 ;1.109.609 ;545.142 ;769.856 ;657.991 ;72.804 ;149.287 ;179 ;3.995 ;588 ;1.145.994 ;352.393 ;156.364 
Vaud;805.098 ;176.324 ;495.399 ;133.375 ;395.189 ;409.909 ;539.414 ;265.684 ;379.802 ;317.927 ;34.103 ;70.898 ;63 ;1.998 ;283 ;496.862 ;224.782 ;83.454 
Valais;345.525 ;67.783 ;208.907 ;68.835 ;171.254 ;174.271 ;267.503 ;78.022 ;148.368 ;148.410 ;18.435 ;29.759 ;32 ;436 ;69 ;189.532 ;83.083 ;72.910 
Geneva;504.128 ;106.077 ;315.296 ;82.755 ;244.184 ;259.944 ;302.692 ;201.436 ;241.686 ;191.654 ;20.266 ;48.630 ;84 ;1.561 ;236 ;459.600 ;44.528 ;0 
Espace Mittelland;1.886.584 ;373.779 ;1.138.042 ;374.763 ;931.877 ;954.707 ;1.522.281 ;364.303 ;830.318 ;789.245 ;96.969 ;166.289 ;109 ;3.103 ;495 ;944.887 ;503.734 ;437.963 
Bern;1.039.474 ;197.741 ;622.788 ;218.945 ;510.170 ;529.304 ;867.188 ;172.286 ;455.044 ;436.650 ;55.218 ;90.309 ;50 ;1.869 ;313 ;546.207 ;230.693 ;262.574 
Fribourg;321.783 ;71.380 ;198.907 ;51.496 ;161.153 ;160.630 ;248.327 ;73.456 ;148.134 ;133.187 ;13.546 ;26.342 ;21 ;479 ;62 ;105.150 ;135.458 ;81.175 
Solothurn;275.247 ;52.352 ;168.215 ;54.680 ;137.659 ;137.588 ;212.104 ;63.143 ;115.759 ;120.186 ;14.173 ;24.580 ;15 ;443 ;69 ;166.058 ;70.477 ;38.712 
Neuchâtel;176.496 ;36.989 ;105.527 ;33.980 ;86.495 ;90.001 ;131.913 ;44.583 ;79.300 ;68.834 ;9.493 ;18.588 ;13 ;228 ;40 ;102.675 ;52.364 ;21.457 
Jura;73.584 ;15.317 ;42.605 ;15.662 ;36.400 ;37.184 ;62.749 ;10.835 ;32.081 ;30.388 ;4.539 ;6.470 ;10 ;84 ;11 ;24.797 ;14.742 ;34.045 
Northwest Switzerland;1.171.157 ;228.236 ;716.949 ;225.972 ;581.620 ;589.537 ;859.050 ;312.107 ;504.645 ;507.452 ;56.483 ;99.664 ;66 ;2.521 ;303 ;767.723 ;293.956 ;109.478 
Basel-Stadt;195.844 ;33.969 ;123.115 ;38.760 ;94.997 ;100.847 ;124.085 ;71.759 ;94.518 ;71.139 ;10.209 ;19.115 ;24 ;752 ;82 ;195.844 ;0 ;0 
Basel-Landschaft;289.468 ;55.458 ;169.810 ;64.200 ;141.890 ;147.578 ;222.615 ;66.853 ;117.224 ;131.112 ;15.749 ;24.605 ;10 ;692 ;74 ;196.919 ;85.694 ;6.855 
Aargau;685.845 ;138.809 ;424.024 ;123.012 ;344.733 ;341.112 ;512.350 ;173.495 ;292.903 ;305.201 ;30.525 ;55.944 ;32 ;1.077 ;147 ;374.960 ;208.262 ;102.623 
Zurich;1.539.275 ;304.095 ;972.784 ;262.396 ;766.679 ;772.596 ;1.122.495 ;416.780 ;718.884 ;619.082 ;62.535 ;132.491 ;85 ;5.304 ;839 ;1.190.339 ;338.757 ;10.179 
Eastern Switzerland;1.183.813 ;234.375 ;721.355 ;228.083 ;594.186 ;589.627 ;909.076 ;274.737 ;506.261 ;518.981 ;58.057 ;98.687 ;62 ;1.547 ;177 ;642.112 ;203.233 ;338.468 
Glarus;40.590 ;7.791 ;24.537 ;8.262 ;20.546 ;20.044 ;30.765 ;9.825 ;16.950 ;17.927 ;2.295 ;3.359 ;3 ;51 ;5 ;31.137 ;0 ;9.453 
Schaffhausen;82.348 ;15.403 ;49.301 ;17.644 ;40.768 ;41.580 ;60.891 ;21.457 ;33.798 ;36.511 ;4.567 ;7.308 ;1 ;146 ;17 ;47.071 ;26.831 ;8.446 
Appenzell A. Rh.;55.445 ;11.198 ;33.195 ;11.052 ;27.938 ;27.507 ;46.319 ;9.126 ;23.639 ;24.162 ;2.774 ;4.779 ;1 ;82 ;8 ;15.763 ;26.713 ;12.969 
Appenzell I. Rh.;16.128 ;3.405 ;9.566 ;3.157 ;8.303 ;7.825 ;14.312 ;1.816 ;7.285 ;7.025 ;853 ;951 ;1 ;12 ;1 ;0 ;0 ;16.128 
St. Gallen;510.734 ;104.584 ;311.506 ;94.644 ;256.039 ;254.695 ;385.916 ;124.818 ;221.464 ;222.293 ;24.356 ;41.843 ;29 ;644 ;71 ;354.003 ;67.039 ;89.692 
Graubünden;199.021 ;35.381 ;120.467 ;43.173 ;99.707 ;99.314 ;161.639 ;37.382 ;84.525 ;87.117 ;10.709 ;16.403 ;15 ;221 ;27 ;64.720 ;24.666 ;109.635 
Thurgau;279.547 ;56.613 ;172.783 ;50.151 ;140.885 ;138.662 ;209.234 ;70.313 ;118.600 ;123.946 ;12.503 ;24.044 ;12 ;391 ;48 ;129.418 ;57.984 ;92.145 
Central Switzerland;818.962 ;163.404 ;506.655 ;148.903 ;412.733 ;406.229 ;653.514 ;165.448 ;365.176 ;355.966 ;36.470 ;59.828 ;54 ;1.298 ;148 ;481.026 ;106.862 ;231.074 
Lucerne;413.120 ;83.814 ;255.571 ;73.735 ;205.976 ;207.144 ;335.508 ;77.612 ;188.877 ;175.800 ;18.629 ;29.020 ;24 ;682 ;76 ;217.191 ;46.639 ;149.290 
Uri;36.703 ;7.357 ;21.715 ;7.631 ;18.739 ;17.964 ;32.084 ;4.619 ;15.739 ;16.983 ;1.982 ;1.955 ;6 ;33 ;5 ;22.656 ;9.859 ;4.188 
Schwyz;160.480 ;30.944 ;100.405 ;29.131 ;82.213 ;78.267 ;125.367 ;35.113 ;69.530 ;70.689 ;7.055 ;12.907 ;6 ;257 ;32 ;97.586 ;34.089 ;28.805 
Obwalden;37.930 ;7.590 ;23.018 ;7.322 ;19.158 ;18.772 ;32.361 ;5.569 ;16.648 ;16.906 ;1.803 ;2.529 ;2 ;39 ;2 ;10.458 ;0 ;27.472 
Nidwalden;43.087 ;7.798 ;26.281 ;9.008 ;22.053 ;21.034 ;36.719 ;6.368 ;18.562 ;18.953 ;2.021 ;3.498 ;3 ;44 ;4 ;15.992 ;5.776 ;21.319 
Zug;127.642 ;25.901 ;79.665 ;22.076 ;64.594 ;63.048 ;91.475 ;36.167 ;55.820 ;56.635 ;4.980 ;9.919 ;13 ;243 ;29 ;117.143 ;10.499 ;0 
Ticino;351.491 ;63.125 ;207.648 ;80.718 ;171.141 ;180.350 ;254.633 ;96.858 ;148.299 ;150.508 ;21.273 ;30.848 ;41 ;463 ;56 ;250.146 ;76.025 ;25.320 
1 Break in time series: From 2014 onwards excl. “no indication”;;;;;;;;;;;;;;;;;;
"2 According to FSO typology ""Area with urban character, 2012"", areas as defined on 31.12.2019";;;;;;;;;;;;;;;;;;
Source: Federal Statistical Office, STATPOP;;;;;;;;;;;;;;;;;;
© FSO ;;;;;;;;;;;;;;;;;;
;;;;;;;;;;;;;;;;;;
Information: Federal Statistical Office (FSO), Section Demography and Migration, info.dem@bfs.admin.ch, tel. 058 463 67 11;;;;;;;;;;;;;;;;;;

Structure of the permanent resident population by canton, on 31.12.2018;;;;;;;;;;;;;;;;;;T 01.02.03.04
;Total;Age;;;Sex;;Citizenship;;Marital status 1;;;;;;;Typology: Area with urban character 2;;
;;0–19;20–64;65 and over;Male;Female;Swiss;Foreigner;Single;Married;Widowed;Divorced;Unmarried;In a registered partnership;Partnership dissolved;Urban core;Area influenced;Area beyond
;;;;;;;;;;;;;;;;area;by urban cores;urban core
;;;;;;;;;;;;;;;;;;influence
Switzerland;8.544.527 ;1.709.458 ;5.257.768 ;1.577.301 ;4.237.121 ;4.307.406 ;6.396.252 ;2.148.275 ;3.797.529 ;3.597.800 ;405.348 ;723.331 ;598 ;17.392 ;2.305 ;5.380.353 ;1.861.193 ;1.302.981 
Lake Geneva region;1.642.580 ;349.186 ;1.012.587 ;280.807 ;804.808 ;837.772 ;1.099.297 ;543.283 ;758.587 ;660.079 ;72.910 ;146.485 ;171 ;3.775 ;522 ;1.137.812 ;348.868 ;155.900 
Vaud;799.145 ;175.670 ;492.075 ;131.400 ;392.529 ;406.616 ;533.878 ;265.267 ;374.074 ;319.150 ;34.214 ;69.485 ;60 ;1.892 ;247 ;493.915 ;222.272 ;82.958 
Valais;343.955 ;68.005 ;208.500 ;67.450 ;170.431 ;173.524 ;265.879 ;78.076 ;147.060 ;149.070 ;18.370 ;28.941 ;33 ;408 ;56 ;188.756 ;82.257 ;72.942 
Geneva;499.480 ;105.511 ;312.012 ;81.957 ;241.848 ;257.632 ;299.540 ;199.940 ;237.453 ;191.859 ;20.326 ;48.059 ;78 ;1.475 ;219 ;455.141 ;44.339 ;0 
Espace Mittelland;1.877.154 ;373.098 ;1.136.002 ;368.054 ;926.783 ;950.371 ;1.518.454 ;358.700 ;822.245 ;790.588 ;97.441 ;163.311 ;113 ;2.955 ;460 ;940.874 ;499.938 ;436.342 
Bern;1.034.977 ;197.081 ;622.412 ;215.484 ;507.791 ;527.186 ;865.906 ;169.071 ;450.924 ;437.708 ;55.506 ;88.678 ;55 ;1.787 ;296 ;543.353 ;229.573 ;262.051 
Fribourg;318.714 ;71.206 ;197.382 ;50.126 ;159.579 ;159.135 ;246.355 ;72.359 ;146.131 ;132.836 ;13.533 ;25.678 ;25 ;444 ;58 ;104.670 ;133.895 ;80.149 
Solothurn;273.194 ;52.055 ;167.704 ;53.435 ;136.475 ;136.719 ;211.399 ;61.795 ;114.497 ;119.734 ;14.210 ;24.262 ;11 ;412 ;61 ;164.793 ;70.080 ;38.321 
Neuchâtel;176.850 ;37.361 ;105.812 ;33.677 ;86.621 ;90.229 ;132.143 ;44.707 ;78.853 ;69.688 ;9.652 ;18.382 ;12 ;228 ;34 ;103.062 ;52.257 ;21.531 
Jura;73.419 ;15.395 ;42.692 ;15.332 ;36.317 ;37.102 ;62.651 ;10.768 ;31.840 ;30.622 ;4.540 ;6.311 ;10 ;84 ;11 ;24.996 ;14.133 ;34.290 
Northwest Switzerland;1.161.105 ;226.158 ;713.317 ;221.630 ;576.428 ;584.677 ;854.046 ;307.059 ;498.190 ;505.965 ;56.482 ;97.709 ;68 ;2.408 ;261 ;761.407 ;291.340 ;108.358 
Basel-Stadt;194.766 ;33.585 ;122.466 ;38.715 ;94.311 ;100.455 ;123.867 ;70.899 ;93.443 ;71.195 ;10.436 ;18.868 ;25 ;722 ;74 ;194.766 ;0 ;0 
Basel-Landschaft;288.132 ;55.328 ;169.597 ;63.207 ;141.341 ;146.791 ;222.396 ;65.736 ;116.257 ;131.140 ;15.671 ;24.333 ;9 ;661 ;59 ;196.108 ;85.166 ;6.858 
Aargau;678.207 ;137.245 ;421.254 ;119.708 ;340.776 ;337.431 ;507.783 ;170.424 ;288.490 ;303.630 ;30.375 ;54.508 ;34 ;1.025 ;128 ;370.533 ;206.174 ;101.500 
Zurich;1.520.968 ;300.178 ;962.059 ;258.731 ;757.081 ;763.887 ;1.112.574 ;408.394 ;705.128 ;616.619 ;62.676 ;130.518 ;90 ;5.125 ;753 ;1.173.534 ;337.221 ;10.213 
Eastern Switzerland;1.176.321 ;233.799 ;719.480 ;223.042 ;590.060 ;586.261 ;906.244 ;270.077 ;502.525 ;517.369 ;58.057 ;96.680 ;60 ;1.451 ;146 ;638.126 ;201.579 ;336.616 
Glarus;40.403 ;7.726 ;24.566 ;8.111 ;20.448 ;19.955 ;30.671 ;9.732 ;16.842 ;17.889 ;2.310 ;3.316 ;2 ;41 ;3 ;30.909 ;0 ;9.494 
Schaffhausen;81.991 ;15.411 ;49.233 ;17.347 ;40.560 ;41.431 ;60.626 ;21.365 ;33.668 ;36.412 ;4.568 ;7.186 ;1 ;141 ;15 ;47.099 ;26.527 ;8.365 
Appenzell A. Rh.;55.234 ;11.128 ;33.220 ;10.886 ;27.889 ;27.345 ;46.220 ;9.014 ;23.502 ;24.128 ;2.795 ;4.720 ;1 ;81 ;7 ;15.745 ;26.569 ;12.920 
Appenzell I. Rh.;16.145 ;3.424 ;9.630 ;3.091 ;8.300 ;7.845 ;14.321 ;1.824 ;7.354 ;6.995 ;847 ;930 ;1 ;15 ;3 ;0 ;0 ;16.145 
St. Gallen;507.697 ;104.248 ;310.799 ;92.650 ;254.304 ;253.393 ;385.295 ;122.402 ;219.865 ;221.801 ;24.302 ;41.014 ;28 ;605 ;54 ;351.835 ;66.645 ;89.217 
Graubünden;198.379 ;35.687 ;120.386 ;42.306 ;99.374 ;99.005 ;161.397 ;36.982 ;84.164 ;87.286 ;10.743 ;15.942 ;15 ;202 ;24 ;64.561 ;24.381 ;109.437 
Thurgau;276.472 ;56.175 ;171.646 ;48.651 ;139.185 ;137.287 ;207.714 ;68.758 ;117.130 ;122.858 ;12.492 ;23.572 ;12 ;366 ;40 ;127.977 ;57.457 ;91.038 
Central Switzerland;813.056 ;162.941 ;504.973 ;145.142 ;409.769 ;403.287 ;650.521 ;162.535 ;362.322 ;354.594 ;36.382 ;58.329 ;55 ;1.247 ;111 ;477.046 ;106.022 ;229.988 
Lucerne;409.557 ;83.363 ;254.126 ;72.068 ;204.100 ;205.457 ;333.672 ;75.885 ;187.057 ;174.800 ;18.649 ;28.311 ;24 ;651 ;58 ;214.883 ;46.250 ;148.424 
Uri;36.433 ;7.340 ;21.651 ;7.442 ;18.609 ;17.824 ;31.936 ;4.497 ;15.568 ;16.939 ;1.996 ;1.886 ;8 ;31 ;5 ;22.499 ;9.789 ;4.145 
Schwyz;159.165 ;30.986 ;99.947 ;28.232 ;81.599 ;77.566 ;124.828 ;34.337 ;68.977 ;70.322 ;7.053 ;12.543 ;5 ;238 ;23 ;96.821 ;33.747 ;28.597 
Obwalden;37.841 ;7.639 ;23.100 ;7.102 ;19.144 ;18.697 ;32.296 ;5.545 ;16.644 ;16.880 ;1.782 ;2.494 ;2 ;37 ;2 ;10.368 ;0 ;27.473 
Nidwalden;43.223 ;7.884 ;26.552 ;8.787 ;22.122 ;21.101 ;36.872 ;6.351 ;18.622 ;19.151 ;1.999 ;3.402 ;4 ;42 ;1 ;16.097 ;5.777 ;21.349 
Zug;126.837 ;25.729 ;79.597 ;21.511 ;64.195 ;62.642 ;90.917 ;35.920 ;55.454 ;56.502 ;4.903 ;9.693 ;12 ;248 ;22 ;116.378 ;10.459 ;0 
Ticino;353.343 ;64.098 ;209.350 ;79.895 ;172.192 ;181.151 ;255.116 ;98.227 ;148.532 ;152.586 ;21.400 ;30.299 ;41 ;431 ;52 ;251.554 ;76.225 ;25.564 
1 Break in time series: From 2014 onwards excl. “no indication”;;;;;;;;;;;;;;;;;;
"2 According to FSO typology ""Area with urban character, 2012"", areas as defined on 31.12.2018";;;;;;;;;;;;;;;;;;
Source: Federal Statistical Office, STATPOP;;;;;;;;;;;;;;;;;;
© FSO ;;;;;;;;;;;;;;;;;;
;;;;;;;;;;;;;;;;;;
Information: Federal Statistical Office (FSO), Section Demography and Migration, info.dem@bfs.admin.ch, tel. 058 463 67 11;;;;;;;;;;;;;;;;;;

Structure of the permanent resident population by canton, on 31.12.2017;;;;;;;;;;;;;;;;;;T 01.02.03.04
;Total;Age;;;Sex;;Citizenship;;Marital status 1;;;;;;;Typology: Area with urban character 2;;
;;0–19;20–64;65 and over;Male;Female;Swiss;Foreigner;Single;Married;Widowed;Divorced;Unmarried;In a registered partnership;Partnership dissolved;Urban core;Area influenced;Area beyond
;;;;;;;;;;;;;;;;area;by urban cores;urban core
;;;;;;;;;;;;;;;;;;influence
Switzerland;8.484.130 ;1.700.494 ;5.233.271 ;1.550.365 ;4.206.434 ;4.277.696 ;6.357.738 ;2.126.392 ;3.755.372 ;3.592.368 ;406.117 ;711.025 ;588 ;16.435 ;2.001 ;5.339.043 ;1.852.223 ;1.292.864 
Lake Geneva region;1.629.841 ;346.875 ;1.005.903 ;277.063 ;798.780 ;831.061 ;1.086.874 ;542.967 ;747.544 ;661.155 ;73.063 ;143.847 ;163 ;3.558 ;458 ;1.129.428 ;344.955 ;155.458 
Vaud;793.129 ;174.446 ;488.905 ;129.778 ;389.504 ;403.625 ;527.117 ;266.012 ;368.315 ;319.792 ;34.382 ;68.554 ;57 ;1.786 ;216 ;491.022 ;219.482 ;82.625 
Valais;341.463 ;67.825 ;207.639 ;65.999 ;169.162 ;172.301 ;263.082 ;78.381 ;145.510 ;149.095 ;18.326 ;28.051 ;35 ;378 ;52 ;187.341 ;81.289 ;72.833 
Geneva;495.249 ;104.604 ;309.359 ;81.286 ;240.114 ;255.135 ;296.675 ;198.574 ;233.719 ;192.268 ;20.355 ;47.242 ;71 ;1.394 ;190 ;451.065 ;44.184 ;0 
Espace Mittelland;1.868.886 ;372.526 ;1.134.465 ;361.895 ;922.655 ;946.231 ;1.514.630 ;354.256 ;815.367 ;791.716 ;97.906 ;160.544 ;123 ;2.792 ;386 ;937.087 ;501.043 ;430.756 
Bern;1.031.126 ;196.464 ;622.668 ;211.994 ;505.911 ;525.215 ;864.345 ;166.781 ;447.669 ;437.969 ;55.951 ;87.498 ;57 ;1.696 ;258 ;540.715 ;228.540 ;261.871 
Fribourg;315.074 ;70.790 ;195.404 ;48.880 ;157.874 ;157.200 ;244.143 ;70.931 ;143.931 ;132.264 ;13.480 ;24.910 ;30 ;408 ;43 ;103.666 ;132.449 ;78.959 
Solothurn;271.432 ;51.786 ;167.169 ;52.477 ;135.497 ;135.935 ;210.812 ;60.620 ;113.401 ;119.540 ;14.256 ;23.766 ;13 ;398 ;44 ;163.697 ;70.005 ;37.730 
Neuchâtel;177.964 ;37.939 ;106.567 ;33.458 ;87.093 ;90.871 ;132.811 ;45.153 ;78.725 ;71.046 ;9.692 ;18.242 ;14 ;212 ;32 ;103.991 ;56.005 ;17.968 
Jura;73.290 ;15.547 ;42.657 ;15.086 ;36.280 ;37.010 ;62.519 ;10.771 ;31.641 ;30.897 ;4.527 ;6.128 ;9 ;78 ;9 ;25.018 ;14.044 ;34.228 
Northwest Switzerland;1.151.919 ;224.171 ;710.358 ;217.390 ;571.672 ;580.247 ;850.199 ;301.720 ;492.796 ;504.252 ;56.491 ;95.794 ;64 ;2.261 ;242 ;755.406 ;289.244 ;107.269 
Basel-Stadt;193.908 ;33.117 ;122.052 ;38.739 ;93.723 ;100.185 ;124.147 ;69.761 ;92.283 ;71.463 ;10.613 ;18.774 ;23 ;682 ;66 ;193.908 ;0 ;0 
Basel-Landschaft;287.023 ;55.109 ;169.687 ;62.227 ;140.771 ;146.252 ;222.343 ;64.680 ;115.488 ;131.317 ;15.650 ;23.879 ;10 ;624 ;53 ;195.457 ;84.629 ;6.937 
Aargau;670.988 ;135.945 ;418.619 ;116.424 ;337.178 ;333.810 ;503.709 ;167.279 ;285.025 ;301.472 ;30.228 ;53.141 ;31 ;955 ;123 ;366.041 ;204.615 ;100.332 
Zurich;1.504.346 ;296.854 ;952.121 ;255.371 ;748.276 ;756.070 ;1.102.014 ;402.332 ;693.245 ;613.343 ;62.962 ;129.082 ;90 ;4.914 ;655 ;1.158.518 ;335.631 ;10.197 
Eastern Switzerland;1.169.358 ;233.468 ;717.934 ;217.956 ;586.426 ;582.932 ;902.131 ;267.227 ;499.101 ;515.657 ;58.030 ;94.989 ;54 ;1.374 ;125 ;634.402 ;200.187 ;334.769 
Glarus;40.349 ;7.761 ;24.631 ;7.957 ;20.423 ;19.926 ;30.636 ;9.713 ;16.800 ;17.940 ;2.318 ;3.243 ;2 ;40 ;6 ;30.768 ;0 ;9.581 
Schaffhausen;81.351 ;15.302 ;48.973 ;17.076 ;40.251 ;41.100 ;60.185 ;21.166 ;33.340 ;36.151 ;4.598 ;7.111 ;2 ;138 ;11 ;46.786 ;26.260 ;8.305 
Appenzell A. Rh.;55.178 ;11.150 ;33.438 ;10.590 ;27.879 ;27.299 ;46.181 ;8.997 ;23.452 ;24.134 ;2.844 ;4.661 ;2 ;78 ;7 ;15.780 ;26.482 ;12.916 
Appenzell I. Rh.;16.105 ;3.479 ;9.613 ;3.013 ;8.290 ;7.815 ;14.271 ;1.834 ;7.319 ;7.029 ;855 ;887 ;1 ;10 ;3 ;0 ;0 ;16.105 
St. Gallen;504.686 ;104.151 ;309.810 ;90.725 ;252.710 ;251.976 ;383.755 ;120.931 ;218.391 ;220.999 ;24.270 ;40.353 ;25 ;583 ;46 ;349.971 ;66.182 ;88.533 
Graubünden;197.888 ;35.900 ;120.638 ;41.350 ;99.050 ;98.838 ;160.985 ;36.903 ;83.843 ;87.490 ;10.729 ;15.615 ;12 ;177 ;17 ;64.286 ;24.278 ;109.324 
Thurgau;273.801 ;55.725 ;170.831 ;47.245 ;137.823 ;135.978 ;206.118 ;67.683 ;115.956 ;121.914 ;12.416 ;23.119 ;10 ;348 ;35 ;126.811 ;56.985 ;90.005 
Central Switzerland;806.071 ;161.831 ;502.449 ;141.791 ;406.120 ;399.951 ;646.768 ;159.303 ;359.219 ;352.375 ;36.269 ;56.920 ;53 ;1.128 ;92 ;472.338 ;105.163 ;228.570 
Lucerne;406.506 ;82.868 ;252.896 ;70.742 ;202.534 ;203.972 ;331.512 ;74.994 ;185.365 ;174.163 ;18.682 ;27.623 ;23 ;591 ;51 ;213.163 ;45.846 ;147.497 
Uri;36.299 ;7.359 ;21.656 ;7.284 ;18.522 ;17.777 ;31.928 ;4.371 ;15.541 ;16.869 ;1.991 ;1.855 ;7 ;31 ;5 ;22.323 ;9.795 ;4.181 
Schwyz;157.301 ;30.745 ;99.111 ;27.445 ;80.618 ;76.683 ;124.130 ;33.171 ;68.164 ;69.693 ;6.999 ;12.216 ;5 ;207 ;14 ;95.518 ;33.446 ;28.337 
Obwalden;37.575 ;7.622 ;23.079 ;6.874 ;19.030 ;18.545 ;32.056 ;5.519 ;16.589 ;16.719 ;1.770 ;2.462 ;1 ;33 ;1 ;10.236 ;0 ;27.339 
Nidwalden;42.969 ;7.868 ;26.620 ;8.481 ;22.006 ;20.963 ;36.712 ;6.257 ;18.592 ;19.055 ;1.979 ;3.293 ;4 ;41 ;3 ;16.038 ;5.715 ;21.216 
Zug;125.421 ;25.369 ;79.087 ;20.965 ;63.410 ;62.011 ;90.430 ;34.991 ;54.968 ;55.876 ;4.848 ;9.471 ;13 ;225 ;18 ;115.060 ;10.361 ;0 
Ticino;353.709 ;64.769 ;210.041 ;78.899 ;172.505 ;181.204 ;255.122 ;98.587 ;148.100 ;153.870 ;21.396 ;29.849 ;41 ;408 ;43 ;251.864 ;76.000 ;25.845 
1 Break in time series: From 2014 onwards excl. “no indication”;;;;;;;;;;;;;;;;;;
"2 According to FSO typology ""Area with urban character, 2012"", areas as defined on 31.12.2017";;;;;;;;;;;;;;;;;;
Source: Federal Statistical Office, STATPOP;;;;;;;;;;;;;;;;;;
© FSO ;;;;;;;;;;;;;;;;;;
;;;;;;;;;;;;;;;;;;
Information: Federal Statistical Office (FSO), Section Demography and Migration, info.dem@bfs.admin.ch, tel. 058 463 67 11;;;;;;;;;;;;;;;;;;

Structure of the permanent resident population by canton, on 31.12.2016;;;;;;;;;;;;;;;;;;T 01.02.03.04
;Total;Age;;;Sex;;Citizenship;;Marital status 1;;;;;;;Typology: Area with urban character 2;;
;;0–19;20–64;65 and over;Male;Female;Swiss;Foreigner;Single;Married;Widowed;Divorced;Unmarried;In a registered partnership;Partnership dissolved;Urban core;Area influenced;Area beyond
;;;;;;;;;;;;;;;;area;by urban cores;urban core
;;;;;;;;;;;;;;;;;;influence
Switzerland;8.419.550 ;1.691.466 ;5.205.025 ;1.523.059 ;4.173.437 ;4.246.113 ;6.318.404 ;2.101.146 ;3.710.349 ;3.585.129 ;406.983 ;699.200 ;597 ;15.324 ;1.730 ;5.282.707 ;1.837.044 ;1.299.799 
Lake Geneva region;1.613.522 ;343.884 ;996.126 ;273.512 ;790.573 ;822.949 ;1.074.042 ;539.480 ;734.396 ;661.014 ;73.218 ;140.988 ;166 ;3.292 ;392 ;1.107.433 ;341.044 ;165.045 
Vaud;784.822 ;172.689 ;483.842 ;128.291 ;385.389 ;399.433 ;520.957 ;263.865 ;361.457 ;319.592 ;34.549 ;67.313 ;59 ;1.639 ;183 ;486.030 ;216.920 ;81.872 
Valais;339.176 ;67.739 ;206.913 ;64.524 ;168.072 ;171.104 ;260.444 ;78.732 ;144.112 ;149.235 ;18.259 ;27.145 ;37 ;325 ;48 ;175.361 ;80.642 ;83.173 
Geneva;489.524 ;103.456 ;305.371 ;80.697 ;237.112 ;252.412 ;292.641 ;196.883 ;228.827 ;192.187 ;20.410 ;46.530 ;70 ;1.328 ;161 ;446.042 ;43.482 ;0 
Espace Mittelland;1.859.557 ;372.064 ;1.131.995 ;355.498 ;917.893 ;941.664 ;1.509.290 ;350.267 ;807.879 ;792.454 ;98.294 ;157.791 ;127 ;2.621 ;340 ;932.607 ;495.907 ;431.043 
Bern;1.026.513 ;195.733 ;622.339 ;208.441 ;503.789 ;522.724 ;861.614 ;164.899 ;443.834 ;438.530 ;56.089 ;86.136 ;58 ;1.610 ;223 ;537.279 ;228.035 ;261.199 
Fribourg;311.914 ;70.816 ;193.603 ;47.495 ;156.334 ;155.580 ;242.087 ;69.827 ;141.835 ;131.932 ;13.448 ;24.230 ;34 ;385 ;43 ;103.226 ;128.666 ;80.022 
Solothurn;269.441 ;51.712 ;166.200 ;51.529 ;134.300 ;135.141 ;210.240 ;59.201 ;112.377 ;118.905 ;14.383 ;23.344 ;15 ;368 ;40 ;162.403 ;69.702 ;37.336 
Neuchâtel;178.567 ;38.110 ;107.176 ;33.281 ;87.312 ;91.255 ;132.878 ;45.689 ;78.415 ;71.940 ;9.830 ;18.152 ;13 ;191 ;26 ;104.666 ;55.652 ;18.249 
Jura;73.122 ;15.693 ;42.677 ;14.752 ;36.158 ;36.964 ;62.471 ;10.651 ;31.418 ;31.147 ;4.544 ;5.929 ;7 ;67 ;8 ;25.033 ;13.852 ;34.237 
Northwest Switzerland;1.142.156 ;222.348 ;706.708 ;213.100 ;566.718 ;575.438 ;845.728 ;296.428 ;486.949 ;501.849 ;56.612 ;94.334 ;66 ;2.118 ;210 ;749.305 ;287.018 ;105.833 
Basel-Stadt;193.070 ;32.634 ;121.641 ;38.795 ;93.212 ;99.858 ;124.026 ;69.044 ;91.119 ;71.579 ;10.856 ;18.773 ;20 ;652 ;66 ;193.070 ;0 ;0 
Basel-Landschaft;285.624 ;54.894 ;169.564 ;61.166 ;140.142 ;145.482 ;221.990 ;63.634 ;114.577 ;131.232 ;15.659 ;23.510 ;10 ;589 ;44 ;194.396 ;84.267 ;6.961 
Aargau;663.462 ;134.820 ;415.503 ;113.139 ;333.364 ;330.098 ;499.712 ;163.750 ;281.253 ;299.038 ;30.097 ;52.051 ;36 ;877 ;100 ;361.839 ;202.751 ;98.872 
Zurich;1.487.969 ;293.045 ;943.505 ;251.419 ;739.814 ;748.155 ;1.092.631 ;395.338 ;681.544 ;610.364 ;63.250 ;127.472 ;93 ;4.623 ;555 ;1.146.031 ;331.802 ;10.136 
Eastern Switzerland;1.162.684 ;233.475 ;716.110 ;213.099 ;582.942 ;579.742 ;898.952 ;263.732 ;495.878 ;513.991 ;58.057 ;93.293 ;53 ;1.273 ;112 ;631.499 ;198.485 ;332.700 
Glarus;40.147 ;7.773 ;24.584 ;7.790 ;20.329 ;19.818 ;30.650 ;9.497 ;16.683 ;17.945 ;2.329 ;3.148 ;2 ;36 ;4 ;30.572 ;0 ;9.575 
Schaffhausen;80.769 ;15.243 ;48.813 ;16.713 ;40.020 ;40.749 ;59.889 ;20.880 ;32.985 ;36.035 ;4.616 ;6.996 ;2 ;125 ;9 ;46.555 ;25.971 ;8.243 
Appenzell A. Rh.;54.954 ;11.145 ;33.434 ;10.375 ;27.778 ;27.176 ;46.044 ;8.910 ;23.260 ;24.154 ;2.851 ;4.604 ;2 ;80 ;3 ;15.730 ;26.328 ;12.896 
Appenzell I. Rh.;16.003 ;3.511 ;9.527 ;2.965 ;8.237 ;7.766 ;14.230 ;1.773 ;7.311 ;6.974 ;851 ;853 ;1 ;11 ;2 ;0 ;0 ;16.003 
St. Gallen;502.552 ;104.274 ;309.354 ;88.924 ;251.526 ;251.026 ;382.829 ;119.723 ;217.268 ;220.661 ;24.299 ;39.721 ;22 ;519 ;44 ;348.830 ;65.680 ;88.042 
Graubünden;197.550 ;36.079 ;121.002 ;40.469 ;98.853 ;98.697 ;160.932 ;36.618 ;83.644 ;87.645 ;10.710 ;15.346 ;13 ;169 ;18 ;64.339 ;24.115 ;109.096 
Thurgau;270.709 ;55.450 ;169.396 ;45.863 ;136.199 ;134.510 ;204.378 ;66.331 ;114.727 ;120.577 ;12.401 ;22.625 ;11 ;333 ;32 ;125.473 ;56.391 ;88.845 
Central Switzerland;799.287 ;161.596 ;499.290 ;138.401 ;402.620 ;396.667 ;642.933 ;156.354 ;355.982 ;350.170 ;36.120 ;55.845 ;53 ;1.022 ;79 ;468.902 ;103.754 ;226.631 
Lucerne;403.397 ;82.723 ;251.486 ;69.188 ;200.897 ;202.500 ;329.264 ;74.133 ;183.772 ;173.311 ;18.609 ;27.087 ;23 ;539 ;47 ;212.163 ;45.057 ;146.177 
Uri;36.145 ;7.377 ;21.652 ;7.116 ;18.427 ;17.718 ;31.850 ;4.295 ;15.449 ;16.834 ;2.001 ;1.818 ;8 ;32 ;2 ;22.132 ;9.815 ;4.198 
Schwyz;155.863 ;30.881 ;98.333 ;26.649 ;79.852 ;76.011 ;123.597 ;32.266 ;67.605 ;69.135 ;6.974 ;11.948 ;5 ;183 ;11 ;94.847 ;32.888 ;28.128 
Obwalden;37.378 ;7.639 ;23.026 ;6.713 ;18.965 ;18.413 ;31.892 ;5.486 ;16.571 ;16.616 ;1.762 ;2.400 ;1 ;27 ;1 ;10.233 ;0 ;27.145 
Nidwalden;42.556 ;7.863 ;26.417 ;8.276 ;21.795 ;20.761 ;36.521 ;6.035 ;18.386 ;18.915 ;1.978 ;3.233 ;4 ;35 ;3 ;15.891 ;5.682 ;20.983 
Zug;123.948 ;25.113 ;78.376 ;20.459 ;62.684 ;61.264 ;89.809 ;34.139 ;54.199 ;55.359 ;4.796 ;9.359 ;12 ;206 ;15 ;113.636 ;10.312 ;0 
Ticino;354.375 ;65.054 ;211.291 ;78.030 ;172.877 ;181.498 ;254.828 ;99.547 ;147.721 ;155.287 ;21.432 ;29.477 ;39 ;375 ;42 ;246.930 ;79.034 ;28.411 
1 Break in time series: From 2014 onwards excl. “no indication”;;;;;;;;;;;;;;;;;;
"2 According to FSO typology ""Area with urban character, 2012"", areas as defined on 31.12.2016";;;;;;;;;;;;;;;;;;
Source: Federal Statistical Office, STATPOP;;;;;;;;;;;;;;;;;;
© FSO ;;;;;;;;;;;;;;;;;;
;;;;;;;;;;;;;;;;;;
Information: Federal Statistical Office (FSO), Section Demography and Migration, info.dem@bfs.admin.ch, tel. 058 463 67 11;;;;;;;;;;;;;;;;;;

Structure of the permanent resident population by canton, on 31.12.2015;;;;;;;;;;;;;;;;;;T 01.02.03.04
;Total;Age;;;Sex;;Citizenship;;Marital status 1;;;;;;;Typology: Area with urban character 2;;
;;0–19;20–64;65 and over;Male;Female;Swiss;Foreigner;Single;Married;Widowed;Divorced;Unmarried;In a registered partnership;Partnership dissolved;Urban core;Area influenced;Area beyond
;;;;;;;;;;;;;;;;area;by urban cores;urban core
;;;;;;;;;;;;;;;;;;influence
Switzerland;8.327.126 ;1.675.503 ;5.156.571 ;1.495.052 ;4.121.471 ;4.205.655 ;6.278.459 ;2.048.667 ;3.650.651 ;3.568.702 ;407.151 ;684.114 ;563 ;14.306 ;1.446 ;5.224.160 ;1.812.583 ;1.290.383 
Lake Geneva region;1.593.839 ;340.411 ;984.543 ;268.885 ;779.927 ;813.912 ;1.059.872 ;533.967 ;720.102 ;659.175 ;73.197 ;137.698 ;146 ;3.139 ;331 ;1.094.617 ;335.853 ;163.369 
Vaud;773.407 ;170.633 ;476.817 ;125.957 ;379.074 ;394.333 ;513.739 ;259.668 ;353.300 ;318.102 ;34.604 ;65.634 ;51 ;1.533 ;159 ;479.658 ;213.338 ;80.411 
Valais;335.696 ;67.347 ;205.413 ;62.936 ;166.426 ;169.270 ;258.612 ;77.084 ;142.216 ;148.810 ;18.126 ;26.148 ;33 ;312 ;35 ;173.187 ;79.551 ;82.958 
Geneva;484.736 ;102.431 ;302.313 ;79.992 ;234.427 ;250.309 ;287.521 ;197.215 ;224.586 ;192.263 ;20.467 ;45.916 ;62 ;1.294 ;137 ;441.772 ;42.964 ;0 
Espace Mittelland;1.842.251 ;369.495 ;1.123.767 ;348.989 ;907.412 ;934.839 ;1.504.471 ;337.780 ;795.493 ;791.151 ;98.791 ;153.932 ;124 ;2.446 ;274 ;922.226 ;490.336 ;429.689 
Bern;1.017.483 ;194.111 ;618.383 ;204.989 ;498.258 ;519.225 ;860.017 ;157.466 ;437.186 ;437.850 ;56.477 ;84.190 ;55 ;1.522 ;177 ;531.765 ;225.656 ;260.062 
Fribourg;307.461 ;70.214 ;191.105 ;46.142 ;153.729 ;153.732 ;240.182 ;67.279 ;138.940 ;131.243 ;13.395 ;23.452 ;33 ;349 ;40 ;100.331 ;126.895 ;80.235 
Solothurn;266.418 ;51.266 ;164.739 ;50.413 ;132.439 ;133.979 ;209.355 ;57.063 ;110.681 ;118.113 ;14.493 ;22.736 ;15 ;346 ;31 ;160.616 ;68.851 ;36.951 
Neuchâtel;178.107 ;38.117 ;107.066 ;32.924 ;87.021 ;91.086 ;132.556 ;45.551 ;77.637 ;72.597 ;9.888 ;17.781 ;13 ;169 ;20 ;104.592 ;55.172 ;18.343 
Jura;72.782 ;15.787 ;42.474 ;14.521 ;35.965 ;36.817 ;62.361 ;10.421 ;31.049 ;31.348 ;4.538 ;5.773 ;8 ;60 ;6 ;24.922 ;13.762 ;34.098 
Northwest Switzerland;1.128.723 ;219.781 ;699.694 ;209.248 ;559.109 ;569.614 ;841.131 ;287.592 ;478.839 ;499.021 ;56.411 ;92.221 ;62 ;1.980 ;172 ;740.960 ;283.308 ;104.455 
Basel-Stadt;191.817 ;32.205 ;120.778 ;38.834 ;92.514 ;99.303 ;124.365 ;67.452 ;89.611 ;71.876 ;11.013 ;18.618 ;22 ;605 ;66 ;191.817 ;0 ;0 
Basel-Landschaft;283.231 ;54.436 ;168.679 ;60.116 ;138.808 ;144.423 ;221.489 ;61.742 ;113.105 ;131.033 ;15.535 ;22.967 ;7 ;547 ;31 ;192.488 ;83.710 ;7.033 
Aargau;653.675 ;133.140 ;410.237 ;110.298 ;327.787 ;325.888 ;495.277 ;158.398 ;276.123 ;296.112 ;29.863 ;50.636 ;33 ;828 ;75 ;356.655 ;199.598 ;97.422 
Zurich;1.466.424 ;287.660 ;931.178 ;247.586 ;728.517 ;737.907 ;1.083.372 ;383.052 ;666.873 ;606.119 ;63.094 ;125.457 ;82 ;4.277 ;473 ;1.129.596 ;326.788 ;10.040 
Eastern Switzerland;1.153.485 ;232.358 ;712.657 ;208.470 ;577.461 ;576.024 ;895.674 ;257.811 ;491.555 ;510.952 ;58.196 ;91.427 ;52 ;1.188 ;93 ;627.789 ;195.400 ;330.296 
Glarus;40.028 ;7.762 ;24.638 ;7.628 ;20.309 ;19.719 ;30.721 ;9.307 ;16.607 ;17.981 ;2.337 ;3.061 ;3 ;34 ;5 ;30.367 ;0 ;9.661 
Schaffhausen;79.836 ;15.032 ;48.401 ;16.403 ;39.391 ;40.445 ;59.664 ;20.172 ;32.404 ;35.863 ;4.637 ;6.810 ;2 ;109 ;10 ;46.264 ;25.529 ;8.043 
Appenzell A. Rh.;54.543 ;11.103 ;33.196 ;10.244 ;27.506 ;27.037 ;45.985 ;8.558 ;23.055 ;24.037 ;2.874 ;4.493 ;2 ;80 ;2 ;15.721 ;26.110 ;12.712 
Appenzell I. Rh.;15.974 ;3.536 ;9.514 ;2.924 ;8.196 ;7.778 ;14.240 ;1.734 ;7.338 ;6.962 ;851 ;811 ;1 ;9 ;2 ;0 ;0 ;15.974 
St. Gallen;499.065 ;103.693 ;308.228 ;87.144 ;249.392 ;249.673 ;381.712 ;117.353 ;215.628 ;219.430 ;24.353 ;39.106 ;18 ;482 ;34 ;347.036 ;64.874 ;87.155 
Graubünden;196.610 ;36.141 ;121.035 ;39.434 ;98.212 ;98.398 ;160.689 ;35.921 ;83.298 ;87.457 ;10.723 ;14.935 ;14 ;166 ;13 ;64.034 ;23.551 ;109.025 
Thurgau;267.429 ;55.091 ;167.645 ;44.693 ;134.455 ;132.974 ;202.663 ;64.766 ;113.225 ;119.222 ;12.421 ;22.211 ;12 ;308 ;27 ;124.367 ;55.336 ;87.726 
Central Switzerland;790.458 ;160.875 ;494.440 ;135.143 ;397.579 ;392.879 ;639.651 ;150.807 ;351.750 ;347.139 ;36.045 ;54.456 ;59 ;932 ;65 ;463.627 ;102.336 ;224.495 
Lucerne;398.762 ;82.391 ;248.701 ;67.670 ;198.192 ;200.570 ;327.503 ;71.259 ;181.455 ;171.654 ;18.613 ;26.480 ;28 ;490 ;34 ;210.096 ;44.133 ;144.533 
Uri;35.973 ;7.385 ;21.576 ;7.012 ;18.348 ;17.625 ;31.840 ;4.133 ;15.323 ;16.844 ;2.027 ;1.742 ;7 ;27 ;3 ;21.833 ;9.901 ;4.239 
Schwyz;154.093 ;30.831 ;97.333 ;25.929 ;78.825 ;75.268 ;122.921 ;31.172 ;66.828 ;68.527 ;6.917 ;11.630 ;7 ;174 ;8 ;93.739 ;32.480 ;27.874 
Obwalden;37.076 ;7.655 ;22.935 ;6.486 ;18.801 ;18.275 ;31.716 ;5.360 ;16.432 ;16.538 ;1.771 ;2.309 ;1 ;24 ;1 ;10.229 ;0 ;26.847 
Nidwalden;42.420 ;7.903 ;26.463 ;8.054 ;21.705 ;20.715 ;36.514 ;5.906 ;18.392 ;18.874 ;1.946 ;3.171 ;4 ;31 ;1 ;15.773 ;5.645 ;21.002 
Zug;122.134 ;24.710 ;77.432 ;19.992 ;61.708 ;60.426 ;89.157 ;32.977 ;53.320 ;54.702 ;4.771 ;9.124 ;12 ;186 ;18 ;111.957 ;10.177 ;0 
Ticino;351.946 ;64.923 ;210.292 ;76.731 ;171.466 ;180.480 ;254.288 ;97.658 ;146.039 ;155.145 ;21.417 ;28.923 ;38 ;344 ;38 ;245.345 ;78.562 ;28.039 
1 Break in time series: From 2014 onwards excl. “no indication”;;;;;;;;;;;;;;;;;;
"2 According to FSO typology ""Area with urban character, 2012"", areas as defined on 31.12.2015";;;;;;;;;;;;;;;;;;
Source: Federal Statistical Office, STATPOP;;;;;;;;;;;;;;;;;;
© FSO ;;;;;;;;;;;;;;;;;;
;;;;;;;;;;;;;;;;;;
Information: Federal Statistical Office (FSO), Section Demography and Migration, info.dem@bfs.admin.ch, tel. 058 463 67 11;;;;;;;;;;;;;;;;;;

Structure of the permanent resident population by canton, on 31.12.2014;;;;;;;;;;;;;;;;;;T 01.02.03.04
;Total;Age;;;Sex;;Citizenship;;Marital status 1;;;;;;;Typology: Area with urban character 2;;
;;0–19;20–64;65 and over;Male;Female;Swiss;Foreigner;Single;Married;Widowed;Divorced;Unmarried;In a registered partnership;Partnership dissolved;Urban core;Area influenced;Area beyond
;;;;;;;;;;;;;;;;area;by urban cores;urban core
;;;;;;;;;;;;;;;;;;influence
Switzerland;8.237.666 ;1.663.752 ;5.108.349 ;1.465.565 ;4.073.880 ;4.163.786 ;6.239.207 ;1.998.459 ;3.593.986 ;3.551.926 ;407.583 ;669.047 ;549 ;13.282 ;1.132 ;5.168.376 ;1.790.738 ;1.278.552 
Lake Geneva region;1.570.594 ;336.857 ;970.056 ;263.681 ;768.192 ;802.402 ;1.047.506 ;523.088 ;703.912 ;656.094 ;73.255 ;134.004 ;148 ;2.875 ;259 ;1.079.078 ;329.896 ;161.620 
Vaud;761.446 ;168.899 ;468.935 ;123.612 ;373.187 ;388.259 ;509.124 ;252.322 ;344.572 ;316.709 ;34.765 ;63.790 ;50 ;1.408 ;126 ;473.240 ;209.112 ;79.094 
Valais;331.763 ;67.069 ;203.445 ;61.249 ;164.399 ;167.364 ;256.485 ;75.278 ;140.038 ;148.109 ;18.051 ;25.211 ;37 ;281 ;22 ;170.951 ;78.286 ;82.526 
Geneva;477.385 ;100.889 ;297.676 ;78.820 ;230.606 ;246.779 ;281.897 ;195.488 ;219.302 ;191.276 ;20.439 ;45.003 ;61 ;1.186 ;111 ;434.887 ;42.498 ;0 
Espace Mittelland;1.826.251 ;368.125 ;1.115.781 ;342.345 ;898.913 ;927.338 ;1.499.972 ;326.279 ;784.062 ;790.017 ;99.053 ;150.470 ;117 ;2.287 ;212 ;914.434 ;485.544 ;426.273 
Bern;1.009.418 ;193.024 ;615.175 ;201.219 ;494.008 ;515.410 ;857.915 ;151.503 ;431.220 ;437.492 ;56.698 ;82.380 ;56 ;1.408 ;143 ;527.253 ;223.515 ;258.650 
Fribourg;303.377 ;69.985 ;188.624 ;44.768 ;151.587 ;151.790 ;238.449 ;64.928 ;136.627 ;130.250 ;13.394 ;22.706 ;29 ;331 ;32 ;99.070 ;125.468 ;78.839 
Solothurn;263.719 ;50.998 ;163.222 ;49.499 ;131.036 ;132.683 ;208.749 ;54.970 ;108.942 ;117.721 ;14.420 ;22.280 ;17 ;317 ;20 ;158.965 ;68.210 ;36.544 
Neuchâtel;177.327 ;38.257 ;106.437 ;32.633 ;86.540 ;90.787 ;132.575 ;44.752 ;76.527 ;73.138 ;9.985 ;17.490 ;10 ;166 ;11 ;104.447 ;54.655 ;18.225 
Jura;72.410 ;15.861 ;42.323 ;14.226 ;35.742 ;36.668 ;62.284 ;10.126 ;30.746 ;31.416 ;4.556 ;5.614 ;5 ;65 ;6 ;24.699 ;13.696 ;34.015 
Northwest Switzerland;1.117.158 ;217.881 ;694.046 ;205.231 ;552.700 ;564.458 ;836.996 ;280.162 ;471.936 ;496.388 ;56.562 ;90.231 ;63 ;1.821 ;132 ;734.091 ;279.942 ;103.125 
Basel-Stadt;190.580 ;31.708 ;120.006 ;38.866 ;91.760 ;98.820 ;124.274 ;66.306 ;88.082 ;72.227 ;11.220 ;18.400 ;26 ;564 ;55 ;190.580 ;0 ;0 
Basel-Landschaft;281.301 ;54.274 ;168.014 ;59.013 ;137.719 ;143.582 ;221.378 ;59.923 ;111.940 ;130.680 ;15.530 ;22.590 ;8 ;516 ;30 ;191.248 ;82.977 ;7.076 
Aargau;645.277 ;131.899 ;406.026 ;107.352 ;323.221 ;322.056 ;491.344 ;153.933 ;271.914 ;293.481 ;29.812 ;49.241 ;29 ;741 ;47 ;352.263 ;196.965 ;96.049 
Zurich;1.446.354 ;283.522 ;919.491 ;243.341 ;717.702 ;728.652 ;1.073.065 ;373.289 ;653.715 ;601.366 ;63.180 ;123.533 ;87 ;4.065 ;376 ;1.113.403 ;323.184 ;9.767 
Eastern Switzerland;1.144.572 ;231.934 ;709.088 ;203.550 ;572.509 ;572.063 ;892.118 ;252.454 ;487.638 ;508.237 ;58.193 ;89.296 ;50 ;1.080 ;69 ;623.502 ;193.011 ;328.059 
Glarus;39.794 ;7.739 ;24.572 ;7.483 ;20.136 ;19.658 ;30.798 ;8.996 ;16.483 ;17.954 ;2.346 ;2.969 ;3 ;37 ;2 ;30.033 ;0 ;9.761 
Schaffhausen;79.417 ;15.049 ;48.304 ;16.064 ;39.111 ;40.306 ;59.542 ;19.875 ;32.161 ;35.823 ;4.629 ;6.684 ;1 ;115 ;3 ;46.258 ;25.113 ;8.046 
Appenzell A. Rh.;54.064 ;11.061 ;32.947 ;10.056 ;27.271 ;26.793 ;45.763 ;8.301 ;22.884 ;23.857 ;2.892 ;4.364 ;2 ;63 ;2 ;15.512 ;25.925 ;12.627 
Appenzell I. Rh.;15.854 ;3.560 ;9.429 ;2.865 ;8.121 ;7.733 ;14.169 ;1.685 ;7.314 ;6.888 ;832 ;811 ;1 ;6 ;2 ;0 ;0 ;15.854 
St. Gallen;495.824 ;103.606 ;306.925 ;85.293 ;247.516 ;248.308 ;380.500 ;115.324 ;213.956 ;218.680 ;24.388 ;38.323 ;19 ;427 ;27 ;345.076 ;64.295 ;86.453 
Graubünden;195.886 ;36.216 ;121.197 ;38.473 ;97.752 ;98.134 ;160.497 ;35.389 ;83.175 ;87.244 ;10.767 ;14.518 ;14 ;157 ;8 ;63.964 ;23.158 ;108.764 
Thurgau;263.733 ;54.703 ;165.714 ;43.316 ;132.602 ;131.131 ;200.849 ;62.884 ;111.665 ;117.791 ;12.339 ;21.627 ;10 ;275 ;25 ;122.659 ;54.520 ;86.554 
Central Switzerland;782.374 ;160.543 ;489.963 ;131.868 ;393.323 ;389.051 ;635.917 ;146.457 ;348.096 ;344.454 ;35.929 ;52.947 ;50 ;838 ;47 ;459.312 ;101.447 ;221.615 
Lucerne;394.604 ;82.193 ;246.105 ;66.306 ;195.965 ;198.639 ;325.336 ;69.268 ;179.461 ;170.366 ;18.560 ;25.734 ;23 ;426 ;27 ;208.796 ;43.606 ;142.202 
Uri;36.008 ;7.432 ;21.672 ;6.904 ;18.399 ;17.609 ;31.864 ;4.144 ;15.352 ;16.874 ;2.034 ;1.709 ;7 ;26 ;3 ;21.744 ;9.996 ;4.268 
Schwyz;152.759 ;30.943 ;96.701 ;25.115 ;78.152 ;74.607 ;122.299 ;30.460 ;66.306 ;68.053 ;6.899 ;11.326 ;7 ;159 ;7 ;92.786 ;32.230 ;27.743 
Obwalden;36.834 ;7.697 ;22.853 ;6.284 ;18.693 ;18.141 ;31.609 ;5.225 ;16.330 ;16.465 ;1.777 ;2.236 ;0 ;24 ;1 ;10.232 ;0 ;26.602 
Nidwalden;42.080 ;7.859 ;26.407 ;7.814 ;21.481 ;20.599 ;36.363 ;5.717 ;18.201 ;18.825 ;1.935 ;3.097 ;4 ;18 ;0 ;15.669 ;5.611 ;20.800 
Zug;120.089 ;24.419 ;76.225 ;19.445 ;60.633 ;59.456 ;88.446 ;31.643 ;52.446 ;53.871 ;4.724 ;8.845 ;9 ;185 ;9 ;110.085 ;10.004 ;0 
Ticino;350.363 ;64.890 ;209.924 ;75.549 ;170.541 ;179.822 ;253.633 ;96.730 ;144.627 ;155.370 ;21.411 ;28.566 ;34 ;316 ;37 ;244.556 ;77.714 ;28.093 
1 Break in time series: From 2014 onwards excl. “no indication”;;;;;;;;;;;;;;;;;;
"2 According to FSO typology ""Area with urban character, 2012"", areas as defined on 31.12.2014";;;;;;;;;;;;;;;;;;
Source: Federal Statistical Office, STATPOP;;;;;;;;;;;;;;;;;;
© FSO ;;;;;;;;;;;;;;;;;;
;;;;;;;;;;;;;;;;;;
Information: Federal Statistical Office (FSO), Section Demography and Migration, info.dem@bfs.admin.ch, tel. 058 463 67 11;;;;;;;;;;;;;;;;;;

Structure of the permanent resident population by canton, on 31.12.2013;;;;;;;;;;;;;;;;;;T 01.02.03.04
;Total;Age;;;Sex;;Citizenship;;Marital status;;;;;;;Typology: Area with urban character 1;;
;;0–19;20–64;65 and over;Male;Female;Swiss;Foreigner;Single;Married;Widowed;Divorced;Unmarried;In a registered partnership;Partnership dissolved;Urban core;Area influenced;Area beyond
;;;;;;;;;;;;;;;;area;by urban cores;urban core
;;;;;;;;;;;;;;;;;;influence
Switzerland;8.139.631 ;1.653.511 ;5.053.373 ;1.432.747 ;4.022.091 ;4.117.540 ;6.202.184 ;1.937.447 ;3.537.837 ;3.527.929 ;407.667 ;652.608 ;528 ;12.174 ;888 ;5.106.473 ;1.767.144 ;1.266.014 
Lake Geneva region;1.545.817 ;333.823 ;954.579 ;257.415 ;755.704 ;790.113 ;1.037.401 ;508.416 ;688.681 ;650.724 ;73.017 ;130.406 ;134 ;2.658 ;197 ;1.063.222 ;323.493 ;159.102 
Vaud;749.373 ;167.283 ;461.284 ;120.806 ;366.766 ;382.607 ;503.493 ;245.880 ;336.758 ;314.154 ;34.782 ;62.238 ;44 ;1.306 ;91 ;467.322 ;204.856 ;77.195 
Valais;327.011 ;66.744 ;201.026 ;59.241 ;161.991 ;165.020 ;254.273 ;72.738 ;137.702 ;146.860 ;17.922 ;24.212 ;31 ;269 ;15 ;168.248 ;76.856 ;81.907 
Geneva;469.433 ;99.796 ;292.269 ;77.368 ;226.947 ;242.486 ;279.635 ;189.798 ;214.221 ;189.710 ;20.313 ;43.956 ;59 ;1.083 ;91 ;427.652 ;41.781 ;0 
Espace Mittelland;1.808.480 ;367.067 ;1.106.301 ;335.112 ;889.319 ;919.161 ;1.494.209 ;314.271 ;773.418 ;786.890 ;99.451 ;146.344 ;115 ;2.090 ;172 ;905.581 ;480.670 ;422.229 
Bern;1.001.281 ;192.610 ;611.526 ;197.145 ;489.514 ;511.767 ;855.740 ;145.541 ;426.436 ;436.090 ;57.009 ;80.308 ;55 ;1.265 ;118 ;522.456 ;221.797 ;257.028 
Fribourg;297.622 ;69.260 ;184.880 ;43.482 ;148.685 ;148.937 ;235.799 ;61.823 ;133.429 ;128.639 ;13.391 ;21.805 ;28 ;307 ;23 ;96.968 ;123.462 ;77.192 
Solothurn;261.437 ;50.993 ;161.991 ;48.453 ;129.750 ;131.687 ;208.257 ;53.180 ;107.676 ;117.278 ;14.447 ;21.718 ;17 ;284 ;17 ;157.750 ;67.642 ;36.045 
Neuchâtel;176.402 ;38.283 ;105.878 ;32.241 ;86.014 ;90.388 ;132.428 ;43.974 ;75.537 ;73.480 ;10.073 ;17.121 ;10 ;173 ;8 ;104.015 ;54.158 ;18.229 
Jura;71.738 ;15.921 ;42.026 ;13.791 ;35.356 ;36.382 ;61.985 ;9.753 ;30.340 ;31.403 ;4.531 ;5.392 ;5 ;61 ;6 ;24.392 ;13.611 ;33.735 
Northwest Switzerland;1.104.353 ;216.199 ;687.237 ;200.917 ;545.842 ;558.511 ;833.402 ;270.951 ;464.642 ;493.279 ;56.435 ;88.212 ;65 ;1.613 ;107 ;726.714 ;275.771 ;101.868 
Basel-Stadt;189.335 ;31.437 ;119.089 ;38.809 ;91.124 ;98.211 ;124.478 ;64.857 ;86.521 ;72.554 ;11.374 ;18.293 ;26 ;518 ;49 ;189.335 ;0 ;0 
Basel-Landschaft;278.656 ;54.044 ;166.891 ;57.721 ;136.280 ;142.376 ;221.006 ;57.650 ;110.415 ;130.095 ;15.488 ;22.177 ;8 ;449 ;24 ;189.594 ;82.024 ;7.038 
Aargau;636.362 ;130.718 ;401.257 ;104.387 ;318.438 ;317.924 ;487.918 ;148.444 ;267.706 ;290.630 ;29.573 ;47.742 ;31 ;646 ;34 ;347.785 ;193.747 ;94.830 
Zurich;1.425.538 ;279.106 ;907.597 ;238.835 ;706.789 ;718.749 ;1.064.112 ;361.426 ;640.145 ;596.614 ;63.246 ;121.378 ;92 ;3.783 ;280 ;1.096.851 ;318.974 ;9.713 
Eastern Switzerland;1.134.781 ;232.213 ;704.052 ;198.516 ;567.320 ;567.461 ;888.862 ;245.919 ;483.752 ;504.564 ;58.320 ;87.063 ;48 ;973 ;61 ;617.960 ;190.930 ;325.891 
Glarus;39.593 ;7.799 ;24.514 ;7.280 ;20.061 ;19.532 ;30.795 ;8.798 ;16.391 ;17.897 ;2.375 ;2.896 ;2 ;30 ;2 ;29.757 ;0 ;9.836 
Schaffhausen;78.783 ;15.014 ;47.968 ;15.801 ;38.849 ;39.934 ;59.350 ;19.433 ;31.847 ;35.611 ;4.672 ;6.533 ;2 ;115 ;3 ;45.975 ;24.769 ;8.039 
Appenzell A. Rh.;53.691 ;11.087 ;32.762 ;9.842 ;27.051 ;26.640 ;45.645 ;8.046 ;22.812 ;23.669 ;2.873 ;4.285 ;1 ;50 ;1 ;15.342 ;25.825 ;12.524 
Appenzell I. Rh.;15.778 ;3.611 ;9.354 ;2.813 ;8.082 ;7.696 ;14.124 ;1.654 ;7.301 ;6.833 ;849 ;790 ;0 ;5 ;0 ;0 ;0 ;15.778 
St. Gallen;491.699 ;103.824 ;304.496 ;83.379 ;245.249 ;246.450 ;379.074 ;112.625 ;212.153 ;217.246 ;24.433 ;37.452 ;17 ;372 ;26 ;342.097 ;63.752 ;85.850 
Graubünden;194.959 ;36.264 ;121.272 ;37.423 ;97.225 ;97.734 ;160.440 ;34.519 ;82.946 ;86.995 ;10.791 ;14.065 ;17 ;136 ;9 ;63.422 ;22.838 ;108.699 
Thurgau;260.278 ;54.614 ;163.686 ;41.978 ;130.803 ;129.475 ;199.434 ;60.844 ;110.302 ;116.313 ;12.327 ;21.042 ;9 ;265 ;20 ;121.367 ;53.746 ;85.165 
Central Switzerland;774.123 ;160.439 ;485.422 ;128.262 ;388.671 ;385.452 ;632.025 ;142.098 ;344.683 ;341.404 ;35.863 ;51.315 ;44 ;777 ;37 ;454.349 ;100.603 ;219.171 
Lucerne;390.349 ;82.017 ;243.575 ;64.757 ;193.382 ;196.967 ;323.029 ;67.320 ;177.622 ;168.749 ;18.645 ;24.898 ;20 ;395 ;20 ;207.016 ;43.066 ;140.267 
Uri;35.865 ;7.465 ;21.624 ;6.776 ;18.325 ;17.540 ;31.887 ;3.978 ;15.352 ;16.788 ;2.049 ;1.649 ;5 ;19 ;3 ;21.536 ;10.070 ;4.259 
Schwyz;151.396 ;31.108 ;95.980 ;24.308 ;77.456 ;73.940 ;121.710 ;29.686 ;65.808 ;67.671 ;6.795 ;10.960 ;6 ;150 ;6 ;91.887 ;31.910 ;27.599 
Obwalden;36.507 ;7.674 ;22.791 ;6.042 ;18.508 ;17.999 ;31.414 ;5.093 ;16.255 ;16.290 ;1.778 ;2.162 ;0 ;21 ;1 ;10.084 ;0 ;26.423 
Nidwalden;41.888 ;7.976 ;26.377 ;7.535 ;21.405 ;20.483 ;36.410 ;5.478 ;18.148 ;18.801 ;1.915 ;3.000 ;4 ;20 ;0 ;15.687 ;5.578 ;20.623 
Zug;118.118 ;24.199 ;75.075 ;18.844 ;59.595 ;58.523 ;87.575 ;30.543 ;51.498 ;53.105 ;4.681 ;8.646 ;9 ;172 ;7 ;108.139 ;9.979 ;0 
Ticino;346.539 ;64.664 ;208.185 ;73.690 ;168.446 ;178.093 ;252.173 ;94.366 ;142.516 ;154.454 ;21.335 ;27.890 ;30 ;280 ;34 ;241.796 ;76.703 ;28.040 
"1 According to FSO typology ""Area with urban character, 2012"", areas as defined on 31.12.2013";;;;;;;;;;;;;;;;;;
Source: Federal Statistical Office, STATPOP;;;;;;;;;;;;;;;;;;
© FSO ;;;;;;;;;;;;;;;;;;
;;;;;;;;;;;;;;;;;;
Information: Federal Statistical Office (FSO), Section Demography and Migration, info.dem@bfs.admin.ch, tel. 058 463 67 11;;;;;;;;;;;;;;;;;;

Structure of the permanent resident population by canton, on 31.12.2012;;;;;;;;;;;;;;;;;;T 01.02.03.04
;Total;Age;;;Sex;;Citizenship;;Marital status;;;;;;;Typology: Area with urban character 1;;
;;0–19;20–64;65 and over;Male;Female;Swiss;Foreigner;Single;Married;Widowed;Divorced;Unmarried;In a registered partnership;Partnership dissolved;Urban core;Area influenced;Area beyond
;;;;;;;;;;;;;;;;area;by urban cores;urban core
;;;;;;;;;;;;;;;;;;influence
Switzerland;8.039.060 ;1.643.307 ;4.997.135 ;1.398.618 ;3.968.524 ;4.070.536 ;6.169.091 ;1.869.969 ;3.477.652 ;3.507.132 ;407.661 ;634.401 ;502 ;11.057 ;655 ;5.042.728 ;1.742.882 ;1.253.450 
Lake Geneva region;1.519.189 ;329.582 ;938.902 ;250.705 ;741.999 ;777.190 ;1.029.640 ;489.549 ;671.776 ;646.068 ;72.781 ;125.884 ;130 ;2.415 ;135 ;1.046.667 ;316.316 ;156.206 
Vaud;734.356 ;164.537 ;452.075 ;117.744 ;358.983 ;375.373 ;498.089 ;236.267 ;326.830 ;311.274 ;34.752 ;60.211 ;41 ;1.193 ;55 ;459.415 ;199.943 ;74.998 
Valais;321.732 ;66.135 ;198.363 ;57.234 ;159.279 ;162.453 ;252.134 ;69.598 ;134.957 ;145.504 ;17.768 ;23.229 ;31 ;230 ;13 ;165.091 ;75.433 ;81.208 
Geneva;463.101 ;98.910 ;288.464 ;75.727 ;223.737 ;239.364 ;279.417 ;183.684 ;209.989 ;189.290 ;20.261 ;42.444 ;58 ;992 ;67 ;422.161 ;40.940 ;0 
Espace Mittelland;1.788.791 ;366.053 ;1.095.393 ;327.345 ;878.397 ;910.394 ;1.488.524 ;300.267 ;761.169 ;784.059 ;99.799 ;141.629 ;103 ;1.920 ;112 ;894.765 ;475.236 ;418.790 
Bern;992.617 ;192.241 ;607.461 ;192.915 ;484.658 ;507.959 ;853.602 ;139.015 ;420.599 ;435.371 ;57.369 ;78.010 ;51 ;1.146 ;71 ;516.698 ;220.153 ;255.766 
Fribourg;291.395 ;68.379 ;181.009 ;42.007 ;145.326 ;146.069 ;233.105 ;58.290 ;130.145 ;126.821 ;13.272 ;20.834 ;21 ;282 ;20 ;94.830 ;121.083 ;75.482 
Solothurn;259.283 ;51.274 ;160.742 ;47.267 ;128.386 ;130.897 ;207.443 ;51.840 ;106.473 ;116.955 ;14.527 ;21.040 ;15 ;263 ;10 ;156.262 ;67.201 ;35.820 
Neuchâtel;174.554 ;38.264 ;104.534 ;31.756 ;85.050 ;89.504 ;132.652 ;41.902 ;74.078 ;73.594 ;10.112 ;16.579 ;11 ;174 ;6 ;103.058 ;53.363 ;18.133 
Jura;70.942 ;15.895 ;41.647 ;13.400 ;34.977 ;35.965 ;61.722 ;9.220 ;29.874 ;31.318 ;4.519 ;5.166 ;5 ;55 ;5 ;23.917 ;13.436 ;33.589 
Northwest Switzerland;1.091.302 ;214.809 ;680.238 ;196.255 ;538.900 ;552.402 ;829.508 ;261.794 ;457.174 ;490.288 ;56.259 ;86.027 ;61 ;1.410 ;83 ;718.629 ;271.927 ;100.746 
Basel-Stadt;187.425 ;31.024 ;117.752 ;38.649 ;89.948 ;97.477 ;124.497 ;62.928 ;84.839 ;72.495 ;11.542 ;18.044 ;25 ;439 ;41 ;187.425 ;0 ;0 
Basel-Landschaft;276.537 ;53.963 ;166.202 ;56.372 ;135.244 ;141.293 ;220.923 ;55.614 ;109.164 ;129.830 ;15.431 ;21.674 ;8 ;412 ;18 ;188.224 ;81.312 ;7.001 
Aargau;627.340 ;129.822 ;396.284 ;101.234 ;313.708 ;313.632 ;484.088 ;143.252 ;263.171 ;287.963 ;29.286 ;46.309 ;28 ;559 ;24 ;342.980 ;190.615 ;93.745 
Zurich;1.408.575 ;275.787 ;898.516 ;234.272 ;697.854 ;710.721 ;1.057.472 ;351.103 ;628.429 ;593.635 ;63.408 ;119.275 ;81 ;3.538 ;209 ;1.083.494 ;315.507 ;9.574 
Eastern Switzerland;1.123.672 ;232.659 ;697.728 ;193.285 ;561.099 ;562.573 ;885.556 ;238.116 ;478.820 ;500.886 ;58.369 ;84.619 ;51 ;869 ;58 ;611.664 ;188.760 ;323.248 
Glarus;39.369 ;7.827 ;24.427 ;7.115 ;19.904 ;19.465 ;30.795 ;8.574 ;16.275 ;17.879 ;2.400 ;2.785 ;2 ;26 ;2 ;29.510 ;0 ;9.859 
Schaffhausen;77.955 ;14.945 ;47.537 ;15.473 ;38.361 ;39.594 ;59.199 ;18.756 ;31.356 ;35.540 ;4.640 ;6.313 ;2 ;100 ;4 ;45.633 ;24.354 ;7.968 
Appenzell A. Rh.;53.438 ;11.222 ;32.537 ;9.679 ;26.872 ;26.566 ;45.602 ;7.836 ;22.608 ;23.712 ;2.908 ;4.170 ;1 ;36 ;3 ;15.222 ;25.724 ;12.492 
Appenzell I. Rh.;15.717 ;3.654 ;9.316 ;2.747 ;8.053 ;7.664 ;14.137 ;1.580 ;7.279 ;6.828 ;853 ;753 ;0 ;2 ;2 ;0 ;0 ;15.717 
St. Gallen;487.060 ;104.025 ;301.933 ;81.102 ;242.619 ;244.441 ;377.489 ;109.571 ;210.098 ;215.667 ;24.459 ;36.456 ;17 ;344 ;19 ;338.652 ;63.247 ;85.161 
Graubünden;193.920 ;36.464 ;121.040 ;36.416 ;96.578 ;97.342 ;160.390 ;33.530 ;82.519 ;86.683 ;10.819 ;13.748 ;20 ;120 ;11 ;63.043 ;22.593 ;108.284 
Thurgau;256.213 ;54.522 ;160.938 ;40.753 ;128.712 ;127.501 ;197.944 ;58.269 ;108.685 ;114.577 ;12.290 ;20.394 ;9 ;241 ;17 ;119.604 ;52.842 ;83.767 
Central Switzerland;765.879 ;160.449 ;480.563 ;124.867 ;384.402 ;381.477 ;628.071 ;137.808 ;340.505 ;339.115 ;35.729 ;49.793 ;46 ;657 ;34 ;449.456 ;99.585 ;216.838 
Lucerne;386.082 ;82.021 ;240.856 ;63.205 ;191.230 ;194.852 ;320.628 ;65.454 ;175.394 ;167.558 ;18.578 ;24.180 ;20 ;334 ;18 ;205.001 ;42.490 ;138.591 
Uri;35.693 ;7.512 ;21.512 ;6.669 ;18.206 ;17.487 ;31.938 ;3.755 ;15.294 ;16.748 ;2.041 ;1.584 ;6 ;17 ;3 ;21.486 ;9.990 ;4.217 
Schwyz;149.830 ;31.223 ;95.054 ;23.553 ;76.602 ;73.228 ;120.856 ;28.974 ;65.129 ;67.218 ;6.752 ;10.595 ;6 ;123 ;7 ;90.739 ;31.684 ;27.407 
Obwalden;36.115 ;7.722 ;22.542 ;5.851 ;18.301 ;17.814 ;31.131 ;4.984 ;16.090 ;16.143 ;1.763 ;2.097 ;2 ;19 ;1 ;9.959 ;0 ;26.156 
Nidwalden;41.584 ;8.043 ;26.307 ;7.234 ;21.247 ;20.337 ;36.398 ;5.186 ;18.049 ;18.643 ;1.905 ;2.967 ;4 ;16 ;0 ;15.630 ;5.487 ;20.467 
Zug;116.575 ;23.928 ;74.292 ;18.355 ;58.816 ;57.759 ;87.120 ;29.455 ;50.549 ;52.805 ;4.690 ;8.370 ;8 ;148 ;5 ;106.641 ;9.934 ;0 
Ticino;341.652 ;63.968 ;205.795 ;71.889 ;165.873 ;175.779 ;250.320 ;91.332 ;139.779 ;153.081 ;21.316 ;27.174 ;30 ;248 ;24 ;238.053 ;75.551 ;28.048 
"1 According to FSO typology ""Area with urban character, 2012"", areas as defined on 31.12.2014";;;;;;;;;;;;;;;;;;
Source: Federal Statistical Office, STATPOP;;;;;;;;;;;;;;;;;;
© FSO ;;;;;;;;;;;;;;;;;;
;;;;;;;;;;;;;;;;;;
Information: Federal Statistical Office (FSO), Section Demography and Migration, info.dem@bfs.admin.ch, tel. 058 463 67 11;;;;;;;;;;;;;;;;;;

Structure of the permanent resident population by canton, on 31.12.2011;;;;;;;;;;;;;;;;;;T 01.02.03.04
;Total;Age;;;Sex;;Citizenship;;Marital status;;;;;;;Typology: Area with urban character 1;;
;;0–19;20–64;65 and over;Male;Female;Swiss;Foreigner;Single;Married;Widowed;Divorced;Unmarried;In a registered partnership;Partnership dissolved;Urban core;Area influenced;Area beyond
;;;;;;;;;;;;;;;;area;by urban cores;urban core
;;;;;;;;;;;;;;;;;;influence
Switzerland;7.954.662 ;1.642.543 ;4.946.967 ;1.365.152 ;3.922.253 ;4.032.409 ;6.138.668 ;1.815.994 ;3.432.503 ;3.485.079 ;408.797 ;617.370 ;484 ;9.944 ;485 ;4.990.093 ;1.721.840 ;1.242.729 
Lake Geneva region;1.503.500 ;329.867 ;929.345 ;244.288 ;733.280 ;770.220 ;1.025.817 ;477.683 ;662.759 ;642.971 ;72.845 ;122.495 ;128 ;2.214 ;88 ;1.037.473 ;311.820 ;154.207 
Vaud;725.944 ;164.144 ;446.880 ;114.920 ;354.368 ;371.576 ;496.720 ;229.224 ;321.344 ;309.657 ;34.971 ;58.802 ;39 ;1.091 ;40 ;455.576 ;196.757 ;73.611 
Valais;317.022 ;66.149 ;195.608 ;55.265 ;156.733 ;160.289 ;249.788 ;67.234 ;133.155 ;143.792 ;17.662 ;22.173 ;31 ;200 ;9 ;161.958 ;74.468 ;80.596 
Geneva;460.534 ;99.574 ;286.857 ;74.103 ;222.179 ;238.355 ;279.309 ;181.225 ;208.260 ;189.522 ;20.212 ;41.520 ;58 ;923 ;39 ;419.939 ;40.595 ;0 
Espace Mittelland;1.770.429 ;365.815 ;1.085.006 ;319.608 ;868.522 ;901.907 ;1.481.181 ;289.248 ;750.122 ;781.191 ;100.152 ;137.072 ;97 ;1.711 ;84 ;884.888 ;470.277 ;415.264 
Bern;985.046 ;192.630 ;603.836 ;188.580 ;480.824 ;504.222 ;850.232 ;134.814 ;415.930 ;434.707 ;57.640 ;75.622 ;51 ;1.044 ;52 ;511.320 ;218.769 ;254.957 
Fribourg;284.668 ;67.587 ;176.660 ;40.421 ;141.710 ;142.958 ;230.339 ;54.329 ;126.575 ;124.733 ;13.227 ;19.855 ;21 ;245 ;12 ;92.541 ;118.672 ;73.455 
Solothurn;256.990 ;51.247 ;159.460 ;46.283 ;127.111 ;129.879 ;206.325 ;50.665 ;105.158 ;116.472 ;14.600 ;20.522 ;12 ;218 ;8 ;154.985 ;66.672 ;35.333 
Neuchâtel;173.183 ;38.292 ;103.634 ;31.257 ;84.160 ;89.023 ;132.685 ;40.498 ;72.831 ;73.892 ;10.201 ;16.084 ;9 ;158 ;8 ;102.355 ;52.786 ;18.042 
Jura;70.542 ;16.059 ;41.416 ;13.067 ;34.717 ;35.825 ;61.600 ;8.942 ;29.628 ;31.387 ;4.484 ;4.989 ;4 ;46 ;4 ;23.687 ;13.378 ;33.477 
Northwest Switzerland;1.079.913 ;214.404 ;673.785 ;191.724 ;532.811 ;547.102 ;826.427 ;253.486 ;451.381 ;486.941 ;56.372 ;83.851 ;58 ;1.240 ;70 ;711.513 ;268.551 ;99.849 
Basel-Stadt;186.255 ;30.823 ;116.822 ;38.610 ;89.255 ;97.000 ;124.589 ;61.666 ;83.638 ;72.465 ;11.803 ;17.883 ;23 ;413 ;30 ;186.255 ;0 ;0 
Basel-Landschaft;275.360 ;54.064 ;166.320 ;54.976 ;134.661 ;140.699 ;221.306 ;54.054 ;108.602 ;129.811 ;15.409 ;21.165 ;10 ;344 ;19 ;187.300 ;81.111 ;6.949 
Aargau;618.298 ;129.517 ;390.643 ;98.138 ;308.895 ;309.403 ;480.532 ;137.766 ;259.141 ;284.665 ;29.160 ;44.803 ;25 ;483 ;21 ;337.958 ;187.440 ;92.900 
Zurich;1.392.396 ;273.429 ;889.659 ;229.308 ;689.044 ;703.352 ;1.050.188 ;342.208 ;618.188 ;589.863 ;63.675 ;117.216 ;80 ;3.216 ;158 ;1.071.152 ;311.683 ;9.561 
Eastern Switzerland;1.113.929 ;234.649 ;690.724 ;188.556 ;555.345 ;558.584 ;882.555 ;231.374 ;475.505 ;496.656 ;58.589 ;82.307 ;48 ;780 ;44 ;606.113 ;186.740 ;321.076 
Glarus;39.217 ;7.919 ;24.277 ;7.021 ;19.813 ;19.404 ;30.842 ;8.375 ;16.273 ;17.755 ;2.429 ;2.736 ;1 ;21 ;2 ;29.279 ;0 ;9.938 
Schaffhausen;77.139 ;14.919 ;47.077 ;15.143 ;37.885 ;39.254 ;58.950 ;18.189 ;30.912 ;35.289 ;4.672 ;6.175 ;2 ;87 ;2 ;45.404 ;23.921 ;7.814 
Appenzell A. Rh.;53.313 ;11.345 ;32.417 ;9.551 ;26.792 ;26.521 ;45.608 ;7.705 ;22.566 ;23.672 ;2.967 ;4.070 ;1 ;34 ;3 ;15.174 ;25.632 ;12.507 
Appenzell I. Rh.;15.743 ;3.749 ;9.314 ;2.680 ;8.067 ;7.676 ;14.153 ;1.590 ;7.364 ;6.768 ;860 ;745 ;0 ;4 ;2 ;0 ;0 ;15.743 
St. Gallen;483.156 ;104.928 ;299.059 ;79.169 ;240.277 ;242.879 ;376.226 ;106.930 ;208.816 ;214.056 ;24.507 ;35.437 ;15 ;314 ;11 ;336.076 ;62.558 ;84.522 
Graubünden;193.388 ;37.129 ;120.747 ;35.512 ;96.142 ;97.246 ;160.504 ;32.884 ;82.555 ;86.394 ;10.897 ;13.399 ;21 ;112 ;10 ;62.944 ;22.255 ;108.189 
Thurgau;251.973 ;54.660 ;157.833 ;39.480 ;126.369 ;125.604 ;196.272 ;55.701 ;107.019 ;112.722 ;12.257 ;19.745 ;8 ;208 ;14 ;117.236 ;52.374 ;82.363 
Central Switzerland;757.552 ;160.947 ;475.036 ;121.569 ;379.841 ;377.711 ;623.901 ;133.651 ;337.270 ;335.715 ;35.820 ;48.103 ;45 ;577 ;22 ;444.405 ;98.231 ;214.916 
Lucerne;381.966 ;82.223 ;237.874 ;61.869 ;189.074 ;192.892 ;317.823 ;64.143 ;173.540 ;166.035 ;18.699 ;23.356 ;21 ;305 ;10 ;202.631 ;41.910 ;137.425 
Uri;35.382 ;7.579 ;21.266 ;6.537 ;17.966 ;17.416 ;31.907 ;3.475 ;15.151 ;16.643 ;2.048 ;1.517 ;6 ;15 ;2 ;21.365 ;9.905 ;4.112 
Schwyz;147.904 ;31.287 ;93.858 ;22.759 ;75.556 ;72.348 ;120.013 ;27.891 ;64.420 ;66.383 ;6.726 ;10.255 ;7 ;109 ;4 ;89.679 ;31.074 ;27.151 
Obwalden;35.885 ;7.804 ;22.383 ;5.698 ;18.189 ;17.696 ;30.969 ;4.916 ;16.042 ;16.014 ;1.763 ;2.052 ;0 ;13 ;1 ;9.969 ;0 ;25.916 
Nidwalden;41.311 ;8.176 ;26.215 ;6.920 ;21.036 ;20.275 ;36.441 ;4.870 ;18.076 ;18.434 ;1.926 ;2.853 ;4 ;18 ;0 ;15.595 ;5.404 ;20.312 
Zug;115.104 ;23.878 ;73.440 ;17.786 ;58.020 ;57.084 ;86.748 ;28.356 ;50.041 ;52.206 ;4.658 ;8.070 ;7 ;117 ;5 ;105.166 ;9.938 ;0 
Ticino;336.943 ;63.432 ;203.412 ;70.099 ;163.410 ;173.533 ;248.599 ;88.344 ;137.278 ;151.742 ;21.344 ;26.326 ;28 ;206 ;19 ;234.549 ;74.538 ;27.856 
"1 According to FSO typology ""Area with urban character, 2012"", areas as defined on 31.12.2014";;;;;;;;;;;;;;;;;;
Source: Federal Statistical Office, STATPOP;;;;;;;;;;;;;;;;;;
© FSO ;;;;;;;;;;;;;;;;;;
;;;;;;;;;;;;;;;;;;
Information: Federal Statistical Office (FSO), Section Demography and Migration, info.dem@bfs.admin.ch, tel. 058 463 67 11;;;;;;;;;;;;;;;;;;

Structure of the permanent resident population by canton, on 31.12.2010 1;;;;;;;;;;;;;;;;;;T 01.02.03.04
;Total;Age;;;Sex;;Citizenship;;Marital status;;;;;;;Typology: Area with urban character 2;;
;;0–19;20–64;65 and over;Male;Female;Swiss;Foreigner;Single;Married;Widowed;Divorced;Unmarried;In a registered partnership;Partnership dissolved;Urban core;Area influenced;Area beyond
;;;;;;;;;;;;;;;;area;by urban cores;urban core
;;;;;;;;;;;;;;;;;;influence
Switzerland;7.870.134 ;1.642.435 ;4.898.005 ;1.329.694 ;3.877.426 ;3.992.708 ;6.103.857 ;1.766.277 ;3.385.597 ;3.466.582 ;408.691 ;599.583 ;482 ;8.887 ;312 ;4.937.104 ;1.699.773 ;1.233.257 
Lake Geneva region;1.483.680 ;328.530 ;917.572 ;237.578 ;723.123 ;760.557 ;1.018.086 ;465.594 ;650.544 ;639.083 ;72.840 ;119.071 ;124 ;1.961 ;57 ;1.025.771 ;305.478 ;152.431 
Vaud;713.281 ;162.732 ;438.711 ;111.838 ;347.880 ;365.401 ;492.352 ;220.929 ;313.265 ;306.944 ;34.936 ;57.105 ;33 ;971 ;27 ;448.776 ;192.059 ;72.446 
Valais;312.684 ;66.028 ;193.310 ;53.346 ;154.458 ;158.226 ;247.010 ;65.674 ;131.427 ;142.394 ;17.566 ;21.098 ;31 ;163 ;5 ;159.549 ;73.150 ;79.985 
Geneva;457.715 ;99.770 ;285.551 ;72.394 ;220.785 ;236.930 ;278.724 ;178.991 ;205.852 ;189.745 ;20.338 ;40.868 ;60 ;827 ;25 ;417.446 ;40.269 ;0 
Espace Mittelland;1.755.696 ;367.089 ;1.077.321 ;311.286 ;860.965 ;894.731 ;1.474.379 ;281.317 ;741.282 ;780.238 ;100.164 ;132.288 ;92 ;1.585 ;47 ;876.431 ;466.271 ;412.994 
Bern;979.802 ;193.918 ;602.006 ;183.878 ;477.906 ;501.896 ;848.100 ;131.702 ;412.573 ;435.295 ;57.680 ;73.298 ;53 ;875 ;28 ;507.530 ;217.538 ;254.734 
Fribourg;278.493 ;66.851 ;172.714 ;38.928 ;138.602 ;139.891 ;227.664 ;50.829 ;123.256 ;122.945 ;13.116 ;18.933 ;18 ;217 ;8 ;90.274 ;116.530 ;71.689 
Solothurn;255.284 ;51.688 ;158.331 ;45.265 ;126.366 ;128.918 ;204.849 ;50.435 ;104.203 ;116.317 ;14.700 ;19.725 ;10 ;325 ;4 ;153.590 ;66.365 ;35.329 
Neuchâtel;172.085 ;38.386 ;103.182 ;30.517 ;83.589 ;88.496 ;132.499 ;39.586 ;71.841 ;74.266 ;10.258 ;15.583 ;8 ;124 ;5 ;101.467 ;52.614 ;18.004 
Jura;70.032 ;16.246 ;41.088 ;12.698 ;34.502 ;35.530 ;61.267 ;8.765 ;29.409 ;31.415 ;4.410 ;4.749 ;3 ;44 ;2 ;23.570 ;13.224 ;33.238 
Northwest Switzerland;1.070.820 ;214.800 ;669.113 ;186.907 ;527.883 ;542.937 ;823.746 ;247.074 ;446.599 ;485.223 ;56.205 ;81.622 ;59 ;1.071 ;41 ;705.663 ;266.141 ;99.016 
Basel-Stadt;184.950 ;30.708 ;115.768 ;38.474 ;88.414 ;96.536 ;124.865 ;60.085 ;82.242 ;72.727 ;11.923 ;17.645 ;21 ;375 ;17 ;184.950 ;0 ;0 
Basel-Landschaft;274.404 ;54.308 ;166.600 ;53.496 ;134.274 ;140.130 ;221.413 ;52.991 ;108.268 ;129.765 ;15.301 ;20.762 ;10 ;288 ;10 ;186.712 ;80.694 ;6.998 
Aargau;611.466 ;129.784 ;386.745 ;94.937 ;305.195 ;306.271 ;477.468 ;133.998 ;256.089 ;282.731 ;28.981 ;43.215 ;28 ;408 ;14 ;334.001 ;185.447 ;92.018 
Zurich;1.373.068 ;270.632 ;878.418 ;224.018 ;678.784 ;694.284 ;1.042.311 ;330.757 ;606.413 ;585.281 ;63.819 ;114.456 ;84 ;2.909 ;106 ;1.057.125 ;306.466 ;9.477 
Eastern Switzerland;1.103.641 ;236.646 ;683.501 ;183.494 ;549.514 ;554.127 ;878.856 ;224.785 ;471.448 ;492.581 ;58.662 ;80.175 ;57 ;687 ;31 ;600.281 ;184.524 ;318.836 
Glarus;38.608 ;7.973 ;23.764 ;6.871 ;19.383 ;19.225 ;30.731 ;7.877 ;16.044 ;17.413 ;2.471 ;2.660 ;2 ;14 ;4 ;28.788 ;0 ;9.820 
Schaffhausen;76.356 ;14.962 ;46.577 ;14.817 ;37.476 ;38.880 ;58.705 ;17.651 ;30.488 ;35.093 ;4.692 ;6.007 ;3 ;72 ;1 ;45.128 ;23.452 ;7.776 
Appenzell A. Rh.;53.017 ;11.509 ;32.164 ;9.344 ;26.653 ;26.364 ;45.504 ;7.513 ;22.423 ;23.597 ;2.986 ;3.973 ;1 ;35 ;2 ;15.236 ;25.285 ;12.496 
Appenzell I. Rh.;15.688 ;3.779 ;9.252 ;2.657 ;8.047 ;7.641 ;14.120 ;1.568 ;7.364 ;6.743 ;855 ;723 ;0 ;2 ;1 ;0 ;0 ;15.688 
St. Gallen;478.907 ;105.830 ;296.023 ;77.054 ;237.858 ;241.049 ;374.368 ;104.539 ;207.230 ;212.223 ;24.531 ;34.616 ;20 ;282 ;5 ;333.304 ;61.912 ;83.691 
Graubünden;192.621 ;37.591 ;120.497 ;34.533 ;95.748 ;96.873 ;160.517 ;32.104 ;82.453 ;85.959 ;10.928 ;13.151 ;24 ;98 ;8 ;62.603 ;22.030 ;107.988 
Thurgau;248.444 ;55.002 ;155.224 ;38.218 ;124.349 ;124.095 ;194.911 ;53.533 ;105.446 ;111.553 ;12.199 ;19.045 ;7 ;184 ;10 ;115.222 ;51.845 ;81.377 
Central Switzerland;749.476 ;161.685 ;469.604 ;118.187 ;375.266 ;374.210 ;619.581 ;129.895 ;333.981 ;332.829 ;35.698 ;46.428 ;39 ;486 ;15 ;439.424 ;97.560 ;212.492 
Lucerne;377.610 ;82.589 ;234.624 ;60.397 ;186.664 ;190.946 ;314.720 ;62.890 ;171.607 ;164.540 ;18.654 ;22.523 ;18 ;260 ;8 ;200.434 ;41.401 ;135.775 
Uri;35.422 ;7.686 ;21.322 ;6.414 ;17.988 ;17.434 ;31.971 ;3.451 ;15.226 ;16.654 ;2.071 ;1.450 ;5 ;16 ;0 ;21.291 ;10.016 ;4.115 
Schwyz;146.730 ;31.638 ;93.065 ;22.027 ;74.861 ;71.869 ;119.389 ;27.341 ;64.115 ;65.940 ;6.679 ;9.891 ;7 ;96 ;2 ;89.063 ;30.768 ;26.899 
Obwalden;35.585 ;7.908 ;22.185 ;5.492 ;17.974 ;17.611 ;30.821 ;4.764 ;15.968 ;15.885 ;1.766 ;1.955 ;0 ;10 ;1 ;9.971 ;0 ;25.614 
Nidwalden;41.024 ;8.309 ;26.062 ;6.653 ;20.862 ;20.162 ;36.353 ;4.671 ;17.965 ;18.353 ;1.918 ;2.772 ;3 ;13 ;0 ;15.467 ;5.468 ;20.089 
Zug;113.105 ;23.555 ;72.346 ;17.204 ;56.917 ;56.188 ;86.327 ;26.778 ;49.100 ;51.457 ;4.610 ;7.837 ;6 ;91 ;4 ;103.198 ;9.907 ;0 
Ticino;333.753 ;63.053 ;202.476 ;68.224 ;161.891 ;171.862 ;246.898 ;86.855 ;135.330 ;151.347 ;21.303 ;25.543 ;27 ;188 ;15 ;232.409 ;73.333 ;28.011 
1 Starting with 2010, change in the methods of production and the concept of the permanent resident population: the permanent resident population includes henceforth all persons in the asylum process who have been residing in Switzerland since 12 months or more.;;;;;;;;;;;;;;;;;;
"2 According to FSO typology ""Area with urban character, 2012"", areas as defined on 31.12.2014";;;;;;;;;;;;;;;;;;
Source: Federal Statistical Office, STATPOP;;;;;;;;;;;;;;;;;;
© FSO ;;;;;;;;;;;;;;;;;;
;;;;;;;;;;;;;;;;;;
Information: Federal Statistical Office (FSO), Section Demography and Migration, info.dem@bfs.admin.ch, tel. 058 463 67 11;;;;;;;;;;;;;;;;;;