code;de;fr;it;en
A.1.1.M;HD Herzinfarkt (Alter >19), Mortalität;DP infarctus du myocarde (âge >19), mortalité;DP infarto miocardico (età >19), mortalità;PD myocardial infarction (age >19), mortality
A.1.1.MrG;HD Herzinfarkt (Alter >19), Mortalität;DP infarctus du myocarde (âge >19), mortalité;DP infarto miocardico (età >19), mortalità;PD myocardial infarction (age >19), mortality
A.1.10.M;HD transmuraler Herzinfarkt/STEMI (Alter >19), Mortalität;DP infarctus du myocarde transmural/STEMI (âge >19), mortalité;DP infarto miocardico transmurale/STEMI (età >19), mortalità;PD transmural myocardial infarction/STEMI (age >19), mortality
A.1.11.M;HD nicht-transmuraler Infarkt/NSTEMI (Alter >19), Mortalität;DP infarctus non transmural/NSTEMI (âge >19), mortalité;DP infarto miocardico non transmurale/NSTEMI (età >19), mortalità;PD non-transmural infarction/NSTEMI (age >19), mortality
A.1.13.M;ND Herzinfarkt (Alter >19), Mortalität;DS infarctus du myocarde (âge >19), mortalité;DS infarto miocardico (età >19), mortalità;SD myocardial infarction (age >19), mortality
A.1.18.M;HD Herzinfarkt mit Herz-Kreislauf-Stillstand vor Aufnahme (Alter >19), Mortalität;DP infarctus du myocarde avec arrêt cardio-circulatoire avant l’admission (âge >19), mortalité;DP infarto miocardico con arresto cardiocircolatorio precedente l’ammissione (età >19), mortalità;PD myocardial infarction with cardiovascular arrest before admission (age >19), mortality
A.1.2.M;HD Herzinfarkt, Alter 20-44, Mortalität;DP infarctus du myocarde, âge 20-44, mortalité;DP infarto miocardico, età 20-44, mortalità;PD myocardial infarction, age 20-44, mortality
A.1.3.M;HD Herzinfarkt, Alter 45-64, Mortalität;DP infarctus du myocarde, âge 45-64, mortalité;DP infarto miocardico, età 45-64, mortalità;PD myocardial infarction, age 45-64, mortality
A.1.4.M;HD Herzinfarkt, Alter 65-84, Mortalität;DP infarctus du myocarde, âge 65-84, mortalité;DP infarto miocardico, età 65-84, mortalità;PD myocardial infarction, age 65-84, mortality
A.1.5.M;HD Herzinfarkt, Alter >84, Mortalität;DP infarctus du myocarde, âge >84, mortalité;DP infarto miocardico, età >84, mortalità;PD myocardial infarction, age >84, mortality
A.1.7.M;HD Herzinfarkt (Alter >19), Direktaufnahmen, Mortalität;DP infarctus du myocarde (âge >19), admissions directes, mortalité;DP infarto miocardico (età >19), ammissioni dirette, mortalità;PD myocardial infarction (age >19), direct admissions, mortality
A.1.8.M;HD Herzinfarkt (Alter >19), Zuverlegungen, Mortalität;DP infarctus du myocarde (âge >19), transféré d'un autre hôpital, mortalité;DP infarto miocardico (età >19), trasferito da un altro ospedale, mortalità;PD myocardial infarction (age >19), transferred from another hospital, mortality
A.2.1.M;HD Herzinsuffizienz (Alter >19), Mortalität;DP insuffisance cardiaque (âge >19), mortalité;DP insufficienza cardiaca (età >19), mortalità;PD heart failure (age >19), mortality
A.2.1.MrG;HD Herzinsuffizienz (Alter >19), Mortalität;DP insuffisance cardiaque (âge >19), mortalité;DP insufficienza cardiaca (età >19), mortalità;PD heart failure (age >19), mortality
A.2.2.M;HD Herzinsuffizienz, Alter 20-44, Mortalität;DP insuffisance cardiaque, âge 20-44, mortalité;DP insufficienza cardiaca, età 20-44, mortalità;PD heart failure, age 20-44, mortality
A.2.3.M;HD Herzinsuffizienz, Alter 45-64, Mortalität;DP insuffisance cardiaque, âge 45-64, mortalité;DP insufficienza cardiaca, età 45-64, mortalità;PD heart failure, age 45-64, mortality
A.2.4.M;HD Herzinsuffizienz, Alter 65-84, Mortalität;DP insuffisance cardiaque, âge 65-84, mortalité;DP insufficienza cardiaca, età 65-84, mortalità;PD heart failure, age 65-84, mortality
A.2.5.M;HD Herzinsuffizienz, Alter >84, Mortalität;DP insuffisance cardiaque, âge >84, mortalité;DP insufficienza cardiaca, età >84, mortalità;PD heart failure, age >84, mortality
A.2.8.M;HD Herzinsuffizienz mit Herz-Kreislauf-Stillstand vor Aufnahme (Alter >19), Mortalität;DP insuffisance cardiaque avec arrêt cardio-circulatoire avant l’admission (âge >19), mortalité;DP insufficienza cardiaca con arresto cardiocircolatorio precedente l’ammissione (età >19), mortalità;PD heart failure with cardiovascular arrest before admission (age >19), mortality
A.2.9.M;HD Herzinsuffizienz mit intensivmedizinischer Therapie (Alter >19), Mortalität;DP insuffisance cardiaque avec traitement de médecine intensive (âge >19), mortalité;DP insufficienza cardiaca con terapia intensiva (età >19), mortalità;PD heart failure with intensive care treatment (age >19), mortality
A.3.10.M;Katheter der Koronargefässe bei HD Herzinfarkt ohne OP am Herzen, mit Herz-Kreislauf-Stillstand vor Aufnahme (Alter >19), Mortalität;Cathétérisme des vaisseaux coronaires en cas de DP infarctus du myocarde sans OP du cœur, avec arrêt cardio-circulatoire avant l’admission (âge >19), mortalité;Catetere dei vasi coronarici con DP infarto miocardico senza OP al cuore, con arresto cardiocircolatorio precedente l’ammissione (età >19), mortalità;Catheterization of coronary vessels in cases with PD myocardial infarction without heart surgery, with cardiovascular arrest before admission (age >19), mortality
A.3.11.M;Diagnostische Katheter der Koronargefässe ohne HD Herzinfarkt oder OP am Herzen (Alter >19), Zuverlegungen, Mortalität;Cathétérisme diagnostique des vaisseaux coronaires sans DP infarctus du myocarde ou OP du cœur (âge >19), transféré d'un autre hôpital, mortalité;Catetere diagnostico dei vasi coronarici senza DP infarto miocardico o OP al cuore (età >19), trasferito da un altro ospedale, mortalità;Diagnostic catheterization of coronary vessels without PD myocardial infarction or heart surgery (age >19), transferred from another hospital, mortality
A.3.12.M;Diagnostische Katheter der Koronargefässe ohne HD Herzinfarkt oder OP am Herzen, mit Herz-Kreislauf-Stillstand vor Aufnahme (Alter >19), Mortalität;Cathétérisme diagnostique des vaisseaux coronaires sans DP infarctus du myocarde ou OP du cœur, avec arrêt cardio-circulatoire avant l’admission (âge >19), mortalité;Catetere diagnostico dei vasi coronarici senza DP infarto miocardico o OP al cuore, con arresto cardiocircolatorio precedente l’ammissione (età >19), mortalità;Diagnostic catheterization of coronary vessels without PD myocardial infarction or heart surgery, with cardiovascular arrest before admission (age >19), mortality
A.3.13.M;Therapeutische Katheter der Koronargefässe ohne HD Herzinfarkt oder OP am Herzen (Alter >19), Zuverlegungen, Mortalität;Cathétérisme thérapeutique des vaisseaux coronaires sans DP infarctus du myocarde ou OP du cœur (âge >19), transféré d'un autre hôpital, mortalité;Catetere terapeutico dei vasi coronarici senza DP infarto miocardico o OP al cuore (età >19), trasferito da un altro ospedale, mortalità;Therapeutic catheterization of coronary vessels without PD myocardial infarction or heart surgery (age >19), transferred from another hospital, mortality
A.3.14.M;Therapeutische Katheter der Koronargefässe ohne HD Herzinfarkt oder OP am Herzen, mit Herz-Kreislauf-Stillstand vor Aufnahme (Alter >19), Mortalität;Cathétérisme thérapeutique des vaisseaux coronaires sans DP infarctus du myocarde ou OP du cœur, avec arrêt cardio-circulatoire avant l’admission (âge >19), mortalité;Catetere terapeutico dei vasi coronarici senza DP infarto miocardico o OP al cuore, con arresto cardiocircolatorio precedente l’ammissione (età >19), mortalità;Therapeutic catheterization of coronary vessels without PD myocardial infarction or heart surgery, with cardiovascular arrest before admission (age >19), mortality
A.3.2.M;Katheter der Koronargefässe bei HD Herzinfarkt ohne OP am Herzen oder Herz-Kreislauf-Stillstand vor Aufnahme (Alter >19), Direktaufnahmen, Mortalität;Cathétérisme des vaisseaux coronaires en cas de DP infarctus du myocarde sans OP du cœur ou arrêt cardio-circulatoire avant l’admission (âge >19), admissions directes, mortalité;Catetere dei vasi coronarici con DP infarto miocardico senza OP al cuore o arresto cardiocircolatorio precedente l’ammissione (età >19), ammissioni dirette, mortalità;Catheterization of coronary vessels in cases with PD myocardial infarction without heart surgery or cardiovascular arrest before admission (age >19), direct admissions, mortality
A.3.4.M;Diagnostische Katheter der Koronargefässe ohne HD Herzinfarkt, OP am Herzen oder Herz-Kreislauf-Stillstand vor Aufnahme (Alter >19), Direktaufnahmen, Mortalität;Cathétérisme diagnostique des vaisseaux coronaires sans DP infarctus du myocarde, OP du cœur ou arrêt cardio-circulatoire avant l’admission (âge >19), admissions directes, mortalité;Catetere diagnostico dei vasi coronarici senza DP infarto miocardico, OP al cuore o arresto cardiocircolatorio precedente l’ammissione (età >19), ammissioni dirette, mortalità;Diagnostic catheterization of coronary vessels without PD myocardial infarction, heart surgery or cardiovascular arrest before admission (age >19), direct admissions, mortality
A.3.5.M;Therapeutische Katheter der Koronargefässe ohne HD Herzinfarkt, OP am Herzen oder Herz-Kreislauf-Stillstand vor Aufnahme (Alter >19), Direktaufnahmen, Mortalität;Cathétérisme thérapeutique des vaisseaux coronaires sans DP infarctus du myocarde, OP du cœur ou arrêt cardio-circulatoire avant l’admission (âge >19), admissions directes, mortalité;Catetere terapeutico dei vasi coronarici senza DP infarto miocardico, OP al cuore o arresto cardiocircolatorio precedente l’ammissione (età >19), ammissioni dirette, mortalità;Therapeutic catheterization of coronary vessels without PD myocardial infarction, heart surgery or cardiovascular arrest before admission (age >19), direct admissions, mortality
A.3.7.M;Diagnostische Katheter der Koronargefässe ohne HD Herzinfarkt ohne weitere OP (Alter >19), Mortalität;Cathétérisme diagnostique des vaisseaux coronaires sans DP infarctus du myocarde sans autre OP (âge >19), mortalité;Catetere diagnostico dei vasi coronarici senza DP infarto miocardico senza altre OP (età >19), mortalità;Diagnostic catheterization of coronary vessels without PD myocardial infarction and without further surgery (age >19), mortality
A.3.8.M;Therapeutische Katheter der Koronargefässe ohne HD Herzinfarkt ohne weitere OP (Alter >19), Mortalität;Cathétérisme thérapeutique des vaisseaux coronaires sans DP infarctus du myocarde sans autre OP (âge >19), mortalité;Catetere terapeutico dei vasi coronarici senza DP infarto miocardico senza altre OP (età >19), mortalità;Therapeutic catheterization of coronary vessels without PD myocardial infarction and without further surgery (age >19), mortality
A.3.9.M;Katheter der Koronargefässe bei HD Herzinfarkt ohne OP am Herzen (Alter >19), Zuverlegungen, Mortalität;Cathétérisme des vaisseaux coronaires en cas de DP infarctus du myocarde sans OP du cœur (âge >19), transféré d'un autre hôpital, mortalité;Catetere dei vasi coronarici con DP infarto miocardico senza OP al cuore (età >19), trasferito da un altro ospedale, mortalità;Catheterization of coronary vessels in cases with PD myocardial infarction without heart surgery (age >19), transferred from another hospital, mortality
A.6.3.M;Kathetergestützte Vorhofablation bei Vorhofflimmern/­flattern, Mortalität - SE;Ablation par cathéter de l'oreillette en cas de fibrillation auriculaire/de flutter auriculaire, mortalité - SE;Ablazione atriale supportata da catetere in caso di fibrillazione/flutter atriale, mortalità - SE;Catheter-based atrial ablation for atrial fibrillation/flutter, mortality - SE
A.7.10.M;Aortenklappenersatz minimalinvasiv transapikal, Mortalität;Remplacement de valve aortique mini­invasive par voie transapicale, mortalité;Sostituzione mini-invasiva transapicale della valvola aortica, mortalità;Minimally invasive aortic valve replacement by transapical approach, mortality
A.7.11.M;Isolierte OP an Koronargefässen bei HD Herzinfarkt (Alter >19), Mortalität;OP isolée des vaisseaux coronaires, en cas de DP infarctus du myocarde (âge >19), mortalité;OP isolata ai vasi coronarici con DP infarto miocardico (età >19), mortalità;Isolated surgery on coronary vessels in cases with PD myocardial infarction (age >19), mortality
A.7.12.M;Isolierte OP an Koronargefässen ohne HD Herzinfarkt (Alter >19), Mortalität;OP isolée des vaisseaux coronaires, sans DP infarctus du myocarde (âge >19), mortalité;OP isolata ai vasi coronarici senza DP infarto miocardico (età >19), mortalità;Isolated surgery on coronary vessels without PD myocardial infarction (age >19), mortality
A.7.13.M;Isolierte OP an Koronargefässen ohne HD Herzinfarkt, Alter 20-49, Mortalität;OP isolée des vaisseaux coronaires, sans DP infarctus du myocarde, âge 20-49, mortalité;OP isolata ai vasi coronarici senza DP infarto miocardico, età 20-49, mortalità;Isolated surgery on coronary vessels without PD myocardial infarction, age 20-49, mortality
A.7.14.M;Isolierte OP an Koronargefässen ohne HD Herzinfarkt, Alter 50-59, Mortalität;OP isolée des vaisseaux coronaires, sans DP infarctus du myocarde, âge 50-59, mortalité;OP isolata ai vasi coronarici senza DP infarto miocardico, età 50-59, mortalità;Isolated surgery on coronary vessels without PD myocardial infarction, age 50-59, mortality
A.7.15.M;Isolierte OP an Koronargefässen ohne HD Herzinfarkt, Alter 60-69, Mortalität;OP isolée des vaisseaux coronaires, sans DP infarctus du myocarde, âge 60-69, mortalité;OP isolata ai vasi coronarici senza DP infarto miocardico, età 60-69, mortalità;Isolated surgery on coronary vessels without PD myocardial infarction, age 60-69, mortality
A.7.16.M;Isolierte OP an Koronargefässen ohne HD Herzinfarkt, Alter 70-79, Mortalität;OP isolée des vaisseaux coronaires, sans DP infarctus du myocarde, âge 70-79, mortalité;OP isolata ai vasi coronarici senza DP infarto miocardico, età 70-79, mortalità;Isolated surgery on coronary vessels without PD myocardial infarction, age 70-79, mortality
A.7.17.M;Isolierte OP an Koronargefässen ohne HD Herzinfarkt, Alter >79, Mortalität;OP isolée des vaisseaux coronaires, sans DP infarctus du myocarde, âge >79, mortalité;OP isolata ai vasi coronarici senza DP infarto miocardico, età >79, mortalità;Isolated surgery on coronary vessels without PD myocardial infarction, age >79, mortality
A.7.23.M;Mitral- oder Trikuspidalklappen-Eingriff - TEER, Mortalität;Intervention sur la valve mitrale ou tricuspide - réparation transcathéter bord à bord  (TEER), mortalité;Interventi sulla valvola mitrale o tricuspide - riparazione mediante tecnica TEER (transcatheter edge-to-edge repair), mortalità;Mitral or tricuspid valve intervention - transcatheter edge-to-edge repair (TEER), mortality
A.7.26.M;Offener Aortenklappenersatz mit Mitralklappenersatz (Alter >19), Mortalität;Remplacement de valve aortique à cœur ouvert avec remplacement de valve mitrale (âge >19), mortalité;Sostituzione della valvola aortica a cuore aperto con sostituzione della valvola mitrale (età >19), mortalità;Open aortic valve replacement with mitral valve replacement (age >19), mortality
A.7.27.M;Offener Aortenklappenersatz mit weiterer OP am Herzen (Alter >19), Mortalität;Remplacement de valve aortique à cœur ouvert avec autre OP du cœur (âge >19), mortalité;Sostituzione della valvola aortica a cuore aperto con altre OP al cuore (età >19), mortalità;Open aortic valve replacement with other heart surgery (age >19), mortality
A.7.28.M;Isolierte OP an Koronargefässen bei HD Herzinfarkt ohne herzunterstützende Systeme (Alter >19), Mortalität;OP isolée des vaisseaux coronaires, en cas de DP infarctus du myocarde sans systèmes d'assistance cardiaque (âge >19), mortalité;OP isolata ai vasi coronarici con DP infarto miocardico senza sistemi di assistenza cardiaca (età >19), mortalità;Isolated surgery on coronary vessels in cases with PD myocardial infarction without cardiac support systems (age >19), mortality
A.7.29.M;OP an Koronargefässen mit weiterer OP am Herzen (Alter >19), Mortalität;OP des vaisseaux coronaires avec autre OP du cœur (âge >19), mortalité;OP ai vasi coronarici con altre OP al cuore (età >19), mortalità;Surgery on coronary vessels with other heart surgery (age >19), mortality
A.7.30.M;Isolierter offener Aortenklappenersatz ohne HD Endokarditis und ohne synchrone LVAD-Implantation (Alter >19), Mortalität;Remplacement isolé de valve aortique à cœur ouvert sans DP endocardite et sans implantation synchrone de LVAD (âge >19), mortalité;Sostituzione isolata della valvola aortica a cuore aperto senza DP endocardite e senza impianto sincrono di LVAD (età >19), mortalità;Isolated open aortic valve replacement without PD endocarditis and without simultaneous LVAD implantation (age >19), mortality
A.7.31.M;Isolierter offener Aortenklappenersatz mit HD Endokarditis (Alter >19), Mortalität;Remplacement isolé de valve aortique à cœur ouvert avec DP endocardite (âge >19), mortalité;Sostituzione isolata della valvola aortica a cuore aperto con DP endocardite (età >19), mortalità;Isolated open aortic valve replacement with PD endocarditis (age >19), mortality
A.7.32.M;Isolierter offener Aortenklappenersatz mit synchroner LVAD-Implantation (Alter >19), Mortalität;Remplacement isolé de valve aortique à cœur ouvert avec implantation synchrone de LVAD (âge >19), mortalité;Sostituzione isolata della valvola aortica a cuore aperto con impianto sincrono di LVAD (età >19), mortalità;Isolated open aortic valve replacement with simultaneous LVAD implantation (age >19), mortality
A.7.8.M;Aortenklappenersatz minimalinvasiv, Mortalität;Remplacement de valve aortique mini­invasive, mortalité;Sostituzione mini-invasiva della valvola aortica, mortalità;Minimally invasive aortic valve replacement, mortality
A.7.9.M;Aortenklappenersatz minimalinvasiv endovaskulär, Mortalität;Remplacement de valve aortique mini­invasive par voie endovasculaire, mortalité;Sostituzione mini-invasiva endovascolare della valvola aortica, mortalità;Minimally invasive aortic valve replacement by endovascular approach, mortality
B.1.1.M;HD Schlaganfall ohne Tumor oder Kopfverletzung (Alter >19), Mortalität;DP accident vasculaire cérébral sans tumeur ou traumatisme crânien (âge >19), mortalité;DP ictus senza tumore o trauma cranico (età >19), mortalità;PD stroke without tumor or head injury (age >19), mortality
B.1.10.M;HD intrazerebrale Blutung ohne Tumor oder Kopfverletzung (Alter >19), Mortalität;DP hémorragie intracérébrale sans tumeur ou traumatisme crânien (âge >19), mortalité;DP emorragia intracerebrale senza tumore o trauma cranico (età >19), mortalità;PD intracerebral hemorrhage without tumor or head injury (age >19), mortality
B.1.11.M;HD Subarachnoidalblutung (Alter >19), Mortalität;DP hémorragie sous­arachnoïdienne (âge >19), mortalité;DP emorragia subaracnoidea (età >19), mortalità;PD subarachnoid hemorrhage (age >19), mortality
B.1.12.M;HD Schlaganfall nicht näher bezeichnet (ICD­10 I64) (Alter >19), Mortalität;DP accident vasculaire cérébral sans précision (CIM­10 I64) (âge >19), mortalité;DP ictus non altrimenti specificato (ICD­10 I64) (età >19), mortalità;PD unspecified stroke (ICD-10 I64) (age >19), mortality
B.1.13.M;HD Hirninfarkt (Alter >19), Zuverlegungen, Mortalität;DP infarctus cérébral (âge >19), transféré d'un autre hôpital, mortalité;DP infarto cerebrale (età >19), trasferito da un altro ospedale, mortalità;PD cerebral infarction (age >19), transferred from another hospital, mortality
B.1.14.M;HD Hirninfarkt mit Pneumonie (ohne vorbestehende) (Alter >19), Mortalität;DP infarctus cérébral avec pneumonie (sans préexistante) (âge >19), mortalité;DP infarto cerebrale con polmonite (senza preesistente), mortalità;PD cerebral infarction with pneumonia (not pre-existing) (age >19), mortality
B.1.18.M;HD Hirninfarkt mit intrakranieller Thrombektomie (Alter >19), Mortalität;DP infarctus cérébral avec thrombectomie intracrânienne (âge >19), mortalité;DP infarto cerebrale con trombectomia intracranica (età >19), mortalità;PD cerebral infarction with intracranial thrombectomy (age >19), mortality
B.1.2.M;HD Schlaganfall ohne Tumor oder Kopfverletzung, Alter 20-44, Mortalität;DP accident vasculaire cérébral sans tumeur ou traumatisme crânien, âge 20-44, mortalité;DP ictus senza tumore o trauma cranico, età 20-44, mortalità;PD stroke without tumor or head injury, age 20-44, mortality
B.1.21.M;HD Hirninfarkt mit intrakranieller Thrombektomie, Alter 20-69, Mortalität;DP infarctus cérébral avec thrombectomie intracrânienne, âge 20-69, mortalité;DP infarto cerebrale con trombectomia intracranica, età 20-69, mortalità;PD cerebral infarction with intracranial thrombectomy, age 20-69, mortality
B.1.22.M;HD Hirninfarkt mit intrakranieller Thrombektomie, Alter 70-79, Mortalität;DP infarctus cérébral avec thrombectomie intracrânienne, âge 70-79, mortalité;DP infarto cerebrale con trombectomia intracranica, età 70-79, mortalità;PD cerebral infarction with intracranial thrombectomy, age 70-79, mortality
B.1.23.M;HD Hirninfarkt mit intrakranieller Thrombektomie, Alter 80-89, Mortalität;DP infarctus cérébral avec thrombectomie intracrânienne, âge 80-89, mortalité;DP infarto cerebrale con trombectomia intracranica, età 80-89, mortalità;PD cerebral infarction with intracranial thrombectomy, age 80-89, mortality
B.1.24.M;HD Hirninfarkt mit intrakranieller Thrombektomie, Alter >89, Mortalität;DP infarctus cérébral avec thrombectomie intracrânienne, âge >89, mortalité;DP infarto cerebrale con trombectomia intracranica, età >89, mortalità;PD cerebral infarction with intracranial thrombectomy, age >89, mortality
B.1.25.M;HD TIA ohne Tumor oder Kopfverletzung (Alter >19), Mortalität - SE;DP AIT sans tumeur ou traumatisme crânien (âge >19), mortalité - SE;DP TIA senza tumore o trauma cranico (età >19), mortalità - SE;PD TIA without tumor or head injury (age >19), mortality - SE
B.1.26.M;HD Hirninfarkt oder intrazerebrale Blutung bei Tumor oder Kopfverletzung (Alter >19), Mortalität;DP infarctus cérébral ou hémorragie intracérébrale avec tumeur ou traumatisme crânien (âge >19), mortalité;DP infarto cerebrale o emorragia intracerebrale con tumore o trauma cranico (età >19), mortalità;PD cerebral infarction or intracerebral hemorrhage with tumor or head injury (age >19), mortality
B.1.3.M;HD Schlaganfall ohne Tumor oder Kopfverletzung, Alter 45-64, Mortalität;DP accident vasculaire cérébral sans tumeur ou traumatisme crânien, âge 45-64, mortalité;DP ictus senza tumore o trauma cranico, età 45-64, mortalità;PD stroke without tumor or head injury, age 45-64, mortality
B.1.4.M;HD Schlaganfall ohne Tumor oder Kopfverletzung, Alter 65-84, Mortalität;DP accident vasculaire cérébral sans tumeur ou traumatisme crânien, âge 65-84, mortalité;DP ictus senza tumore o trauma cranico, età 65-84, mortalità;PD stroke without tumor or head injury, age 65-84, mortality
B.1.5.M;HD Schlaganfall ohne Tumor oder Kopfverletzung, Alter >84, Mortalität;DP accident vasculaire cérébral sans tumeur ou traumatisme crânien, âge >84, mortalité;DP ictus senza tumore o trauma cranico, età >84, mortalità;PD stroke without tumor or head injury, age >84, mortality
B.1.7.M;HD Hirninfarkt ohne Tumor oder Kopfverletzung (Alter >19), Mortalität;DP infarctus cérébral sans tumeur ou traumatisme crânien (âge >19), mortalité;DP infarto cerebrale senza tumore o trauma cranico (età >19), mortalità;PD cerebral infarction without tumor or head injury (age >19), mortality
B.1.7.MrG;HD Hirninfarkt ohne Tumor oder Kopfverletzung (Alter >19), Mortalität;DP infarctus cérébral sans tumeur ou traumatisme crânien (âge >19), mortalité;DP infarto cerebrale senza tumore o trauma cranico (età >19), mortalità;PD cerebral infarction without tumor or head injury (age >19), mortality
B.1.8.M;HD Hirninfarkt (Alter >19), Direktaufnahmen, Mortalität;DP infarctus cérébral (âge >19), admissions directes, mortalité;DP infarto cerebrale (età >19), ammissioni dirette, mortalità;PD cerebral infarction (age >19), direct admissions, mortality
B.1.9.M;HD Hirninfarkt ohne Tumor oder Kopfverletzung mit systemischer Thrombolyse (Alter >19), Direktaufnahmen, Mortalität;DP infarctus cérébral sans tumeur ou traumatisme crânien (âge >19) avec thrombolyse systémique, admissions directes, mortalité;DP infarto cerebrale senza tumore o trauma cranico (età >19) con trombolisi sistemica, ammissioni dirette, mortalità;PD cerebral infarction without tumor or head injury (age >19) with systemic thrombolysis, direct admissions, mortality
B.3.2.M;OP am Gehirn bei bösartigen Neubildungen, Mortalität;OP du cerveau en cas de tumeurs malignes, mortalité;OP al cervello in caso di tumori maligni, mortalità;Brain surgery for malignant neoplasms, mortality
D.1.1.M;HD Pneumonie, Mortalität;DP pneumonie, mortalité;DP polmonite, mortalità;PD pneumonia, mortality
D.1.10.M;HD Pneumonie ohne Tumor oder Mukoviszidose, Alter 45-64, Direktaufnahmen, Mortalität;DP pneumonie sans tumeur ni mucoviscidose, âge 45-64, admissions directes, mortalité;DP polmonite senza tumore o mucoviscidosi, età 45-64, ammissioni dirette, mortalità;PD pneumonia without tumor or cystic fibrosis, age 45-64, direct admissions, mortality
D.1.11.M;HD Pneumonie ohne Tumor oder Mukoviszidose, Alter 65-84, Direktaufnahmen, Mortalität;DP pneumonie sans tumeur ni mucoviscidose, âge 65-84, admissions directes, mortalité;DP polmonite senza tumore o mucoviscidosi, età 65-84, ammissioni dirette, mortalità;PD pneumonia without tumor or cystic fibrosis, age 65-84, direct admissions, mortality
D.1.12.M;HD Pneumonie ohne Tumor oder Mukoviszidose, Alter >84, Direktaufnahmen, Mortalität;DP pneumonie sans tumeur ni mucoviscidose, âge >84, admissions directes, mortalité;DP polmonite senza tumore o mucoviscidosi, età >84, ammissioni dirette, mortalità;PD pneumonia without tumor or cystic fibrosis, age >84, direct admissions, mortality
D.1.13.M;HD Aspirationspneumonie, Mortalität;DP pneumonie par aspiration, mortalité;DP polmonite da aspirazione, mortalità;PD aspiration pneumonia, mortality
D.1.14.M;HD Bronchitis/Bronchiolitis ohne Tumor oder Mukoviszidose (Alter >19), Direktaufnahmen, Mortalität;DP bronchite/bronchiolite sans tumeur ni mucoviscidose (âge >19), admissions directes, mortalité;DP bronchite/bronchiolite senza tumore o mucoviscidosi (età >19), ammissioni dirette, mortalità;PD bronchitis/bronchiolitis without tumor or cystic fibrosis (age >19), direct admissions, mortality
D.1.15.M;HD Pneumonie ohne Tumor, Mukoviszidose oder COVID-19 (Alter >19), Direktaufnahmen, Mortalität;DP pneumonie sans tumeur, ni mucoviscidose, ni COVID-19 (âge >19), admissions directes, mortalité;DP polmonite senza tumore, mucoviscidosi o COVID-19 (età >19), ammissioni dirette, mortalità;PD pneumonia without tumor, cystic fibrosis or COVID-19 (age >19), direct admissions, mortality
D.1.15.MrG;HD Pneumonie ohne Tumor, Mukoviszidose oder COVID-19 (Alter >19), Direktaufnahmen, Mortalität;DP pneumonie sans tumeur, ni mucoviscidose, ni COVID-19 (âge >19), admissions directes, mortalité;DP polmonite senza tumore, mucoviscidosi o COVID-19 (età >19), ammissioni dirette, mortalità;PD pneumonia without tumor, cystic fibrosis or COVID-19 (age >19), direct admissions, mortality
D.1.16.M;Nosokomiale Pneumonie ohne Tumor oder Mukoviszidose (Alter >19), Direktaufnahmen, Mortalität;Pneumonie nosocomiale sans tumeur ni mucoviscidose (âge >19), admissions directes, mortalité;Polmonite nosocomiale senza tumore o mucoviscidosi (età >19), ammissioni dirette, mortalità;Nosocomial pneumonia without tumor or cystic fibrosis (age >19), direct admissions, mortality
D.1.17.M;Beatmungen >24h bei nosokomialer Pneumonie, ohne Tumor oder Mukoviszidose (Alter >19), Direktaufnahmen, Mortalität;Respiration artificielle >24 h en cas de pneumonie nosocomiale, sans tumeur ni mucoviscidose (âge >19), admissions directes, mortalité;Ventilazione meccanica >24h in caso di polmonite nosocomiale, senza tumore o mucoviscidosi (età >19), ammissioni dirette, mortalità;Mechanical ventilation >24 h in cases with nosocomial pneumonia, without tumor or cystic fibrosis (age >19), direct admissions, mortality
D.1.18.M;COVID-19-Fälle mit labordiagnostischem Virusnachweis, Mortalität;Cas de COVID-19 avec mise en évidence du virus en laboratoire, mortalité;Casi di COVID-19 con rilevamento del virus mediante analisi di laboratorio, mortalità;COVID-19 cases with laboratory-confirmed viral detection, mortality
D.1.19.M;COVID-19-Fälle mit SARI, Mortalität;Cas de COVID-19 avec SARI, mortalité;Casi di COVID-19 con SARI, mortalità;COVID-19 cases with SARI, mortality
D.1.2.M;HD Pneumonie, Alter <20, Mortalität - SE;DP pneumonie, âge <20, mortalité - SE;DP polmonite, età <20, mortalità - SE;PD pneumonia, age <20, mortality - SE
D.1.20.M;HD Pneumonie mit COVID-19, ohne Tumor oder Mukoviszidose (Alter >19), Direktaufnahmen, Mortalität;DP pneumonie avec COVID-19, sans tumeur, ni mucoviscidose (âge >19), admissions directes, mortalité;DP polmonite con COVID-19, senza tumore o mucoviscidosi (età >19), ammissioni dirette, mortalità;PD pneumonia with COVID-19, without tumor or cystic fibrosis (age >19), direct admissions, mortality
D.1.3.M;HD Pneumonie, Alter 20-44, Mortalität;DP pneumonie, âge 20-44, mortalité;DP polmonite, età 20-44, mortalità;PD pneumonia, age 20-44, mortality
D.1.4.M;HD Pneumonie, Alter 45-64, Mortalität;DP pneumonie, âge 45-64, mortalité;DP polmonite, età 45-64, mortalità;PD pneumonia, age 45-64, mortality
D.1.5.M;HD Pneumonie, Alter 65-84, Mortalität;DP pneumonie, âge 65-84, mortalité;DP polmonite, età 65-84, mortalità;PD pneumonia, age 65-84, mortality
D.1.6.M;HD Pneumonie, Alter >84, Mortalität;DP pneumonie, âge >84, mortalité;DP polmonite, età >84, mortalità;PD pneumonia, age >84, mortality
D.1.7.M;HD Pneumonie ohne Tumor oder Mukoviszidose, Alter 1-19, Direktaufnahmen, Mortalität - SE;DP pneumonie sans tumeur ni mucoviscidose, âge 1-19, admissions directes, mortalité - SE;DP polmonite senza tumore o mucoviscidosi, età 1-19, ammissioni dirette, mortalità - SE;PD pneumonia without tumor or cystic fibrosis, age 1-19, direct admissions, mortality - SE
D.1.8.M;HD Pneumonie ohne Tumor oder Mukoviszidose, Alter >19, Direktaufnahmen, Mortalität;DP pneumonie sans tumeur ni mucoviscidose, âge >19, admissions directes, mortalité;DP polmonite senza tumore o mucoviscidosi, età >19, ammissioni dirette, mortalità;PD pneumonia without tumor or cystic fibrosis, age >19, direct admissions, mortality
D.1.9.M;HD Pneumonie ohne Tumor oder Mukoviszidose, Alter 20-44, Direktaufnahmen, Mortalität - SE;DP pneumonie sans tumeur ni mucoviscidose, âge 20-44, admissions directes, mortalité - SE;DP polmonite senza tumore o mucoviscidosi, età 20-44, ammissioni dirette, mortalità - SE;PD pneumonia without tumor or cystic fibrosis, age 20-44, direct admissions, mortality - SE
D.2.1.M;HD COPD ohne Tumor (Alter >19), Mortalität;DP BPCO sans tumeur (âge >19), mortalité;DP BPCO senza tumore (età >19), mortalità;PD COPD without tumor (age >19), mortality
D.2.2.M;HD COPD ohne Tumor mit FEV1 <35% (Alter >19), Mortalität;DP BPCO sans tumeur avec VEF1 <35 % (âge >19), mortalité;DP BPCO senza tumore con VEMS1 <35 % (età >19), mortalità;PD COPD without tumor with FEV1 <35% (age >19), mortality
D.2.3.M;HD COPD ohne Tumor mit FEV1 35-49% (Alter >19), Mortalität;DP BPCO sans tumeur avec VEF1 35-49 % (âge >19), mortalité;DP BPCO senza tumore con VEMS1 35-49 % (età >19), mortalità;PD COPD without tumor with FEV1 35-49% (age >19), mortality
D.2.4.M;HD COPD ohne Tumor mit FEV1 50-69% (Alter >19), Mortalität;DP BPCO sans tumeur avec VEF1 50-69 % (âge >19), mortalité;DP BPCO senza tumore con VEMS1 50-69 % (età >19), mortalità;PD COPD without tumor with FEV1 50-69% (age >19), mortality
D.2.5.M;HD COPD ohne Tumor mit FEV1 >69% (Alter >19), Mortalität;DP BPCO sans tumeur avec VEF1 >69 % (âge >19), mortalité;DP BPCO senza tumore con VEMS1 >69 % (età >19), mortalità;PD COPD without tumor with FEV1 >69% (age >19), mortality
D.2.6.M;HD COPD ohne Tumor mit FEV1 n.n.bez. (Alter >19), Mortalität;DP BPCO sans tumeur avec VEF1 non précisé (âge >19), mortalité;DP BPCO senza tumore con VEMS1 NAS (età >19), mortalità;PD COPD without tumor with FEV1 not specified (age >19), mortality
D.4.1.M;Resektionen von Lunge oder Bronchien insgesamt, Mortalität;Total des résections pulmonaires ou bronchiques, mortalité;Resezioni di polmone o bronchi, totale, mortalità;Total lung or bronchial resections, mortality
D.4.2.M;Pneumonektomien bei Bronchialkarzinom, Mortalität;Pneumonectomie en cas de carcinome bronchique, mortalité;Pneumonectomia in caso di carcinoma bronchiale, mortalità;Pneumonectomy for bronchial carcinoma, mortality
D.4.3.M;Teilresektion der Lunge bei Bronchialkarzinom, Mortalität;Résections pulmonaires partielles en cas de carcinome bronchique, mortalité;Resezione parziale del polmone in caso di carcinoma bronchiale, mortalità;Partial lung resections for bronchial carcinoma, mortality
D.4.5.M;Pleurektomie, Mortalität;Pleurectomie, mortalité;Pleurectomia, mortalità;Pleurectomy, mortality
E.1.1.M;Cholezystektomie bei Gallensteinen und Cholezystitis, ohne Tumor, Mortalität - SE;Cholécystectomie en cas de calculs biliaires et cholécystite, sans tumeur, mortalité - SE;Colecistectomia in caso di calcoli biliari e colecistite, senza tumore, mortalità - SE;Cholecystectomy for gallstones and cholecystitis, without tumor, mortality - SE
E.2.1.M;Herniotomie ohne OP am Darm, Mortalität - SE;Herniotomie sans OP de l'intestin, mortalité - SE;Erniotomia senza OP all'intestino, mortalità - SE;Herniotomy without intestinal surgery, mortality - SE
E.2.2.M;Herniotomie mit OP am Darm, Mortalität;Herniotomie avec OP de l'intestin, mortalité;Erniotomia con OP all'intestino, mortalità;Herniotomy with intestinal surgery, mortality
E.4.1.M;Kolorektale Resektionen insgesamt, Mortalität;Total des résections colorectales, mortalité;Resezioni colorettali, totale, mortalità;Total colorectal resections, mortality
E.4.13.M;Kolorektale Resektionen bei Colitis ulcerosa oder Morbus Crohn, Mortalität;Résections colorectales pour colite ulcéreuse ou maladie de Crohn, mortalité;Resezione colorettale per colite ulcerosa o morbo di Crohn, mortalità;Colorectal resections for ulcerative colitis or Crohn's disease, mortality
E.4.15.M;Kolorektale Resektion ohne tiefe Rektumresektionen bei Karzinom, Divertikel, Colitis oder Crohn mit Anastomoseninsuffizienz, Mortalität;Résection colorectale sans résections profondes du rectum pour carcinome, diverticule, colite ou Crohn avec insuffisance anastomosique, mortalité;Resezione colorettale senza resezioni basse del retto per carcinoma, diverticolo, colite o Crohn con deiscenza anastomotica, mortalità;Colorectal resection without deep rectal resections for carcinoma, diverticulum, colitis or Crohn's disease with anastomotic insufficiency, mortality
E.4.16.M;Tiefe anteriore Rektumresektion bei Karzinom, Divertikel, Colitis oder Crohn mit Anastomoseninsuffizienz, Mortalität;Résection antérieure profonde du rectum pour carcinome, diverticule, colite ou Crohn avec insuffisance anastomosique, mortalité;Resezione anteriore bassa del retto per carcinoma, diverticolo, colite o Crohn con deiscenza anastomotica, mortalità;Low anterior rectal resection for carcinoma, diverticulum, colitis or Crohn's disease with anastomotic insufficiency, mortality
E.4.2.M;Kolonresektionen bei kolorektalem Karzinom ohne komplizierende Diagnose, Mortalität;Résections du côlon pour cancer colorectal sans diagnostic compliquant, mortalité;Resezioni del colon per carcinoma colorettale senza diagnosi complicante, mortalità;Colon resections for colorectal cancer without complicating diagnosis, mortality
E.4.2.MrG;Kolonresektionen bei kolorektalem Karzinom ohne komplizierende Diagnose, Mortalität;Résections du côlon pour cancer colorectal sans diagnostic compliquant, mortalité;Resezioni del colon per carcinoma colorettale senza diagnosi complicante, mortalità;Colon resections for colorectal cancer without complicating diagnosis, mortality
E.4.3.M;Kolonresektionen bei kolorektalem Karzinom mit komplizierender Diagnose, Mortalität;Résections du côlon pour cancer colorectal avec diagnostic compliquant, mortalité;Resezioni del colon per carcinoma colorettale con diagnosi complicante, mortalità;Colon resections for colorectal cancer with complicating diagnosis, mortality
E.4.4.M;Rektumresektionen bei kolorektalem Karzinom, Mortalität;Résections du rectum pour cancer colorectal, mortalité;Resezioni del retto per carcinoma colorettale, mortalità;Rectal resections for colorectal cancer, mortality
E.4.5.M;Kolorektale Resektionen bei Divertikel ohne Abszess/Perforation, Mortalität - SE;Résections colorectales pour diverticule sans abcès/perforation, mortalité - SE;Resezioni colorettali per diverticolo senza ascesso/perforazione, mortalità - SE;Colorectal resections for diverticulum without abscess/perforation, mortality - SE
E.4.6.M;Kolorektale Resektionen bei Divertikel mit Abszess/Perforation, Mortalität;Résections colorectales pour diverticule avec abcès/perforation, mortalité;Resezioni colorettali per diverticolo con ascesso/perforazione, mortalità;Colorectal resections for diverticulum with abscess/perforation, mortality
E.4.7.M;Kolorektale Resektionen bei Darmischämie, Mortalität;Résections colorectales pour ischémie intestinale, mortalité;Resezione colorettale per ischemia intestinale, mortalità;Colorectal resections for intestinal ischemia, mortality
E.4.8.M;Kolorektale Resektionen bei anderer Diagnose, Mortalität;Résections du côlon pour autre diagnostic, mortalité;Resezioni colorettali per altra diagnosi, mortalità;Colon resections for other diagnosis, mortality
E.5.2.M;Magenresektionen ohne komplexe Eingriffe am Ösophagus bei Magenkarzinom, Mortalität;Gastrectomies sans interventions complexes sur l'œsophage en cas de cancer de l'estomac, mortalité;Resezioni gastriche senza interventi complessi all'esofago in caso di carcinoma allo stomaco, mortalità;Gastrectomies without complex esophageal procedures for stomach cancer, mortality
E.5.3.M;Magenresektionen mit komplexem Eingriff am Ösophagus, Mortalität;Gastrectomies avec OP complexe de l'œsophage, mortalité;Resezioni gastriche con complesso OP all'esofago, mortalità;Gastrectomies with complex esophageal surgery, mortality
E.5.5.M;HD Ulcus von Magen, Duodenum oder Jejunum, ohne Tumor, Mortalität;DP ulcère de l'estomac, du duodénum ou du jéjunum, sans tumeur, mortalité;DP ulcera gastrica, duodenale o digiunale, senza tumore, mortalità;PD gastric, duodenal or jejunal ulcer, without tumor, mortality
E.5.6.M;Magenresektionen ohne komplexe Eingriffe am Ösophagus, ohne Magenkarzinom, Mortalität;Gastrectomies sans interventions complexes sur l'œsophage, sans cancer de l'estomac, mortalité;Resezioni gastriche senza interventi complessi all'esofago, senza carcinoma allo stomaco, mortalità;Gastrectomies without complex esophageal procedures, without stomach cancer, mortality
E.6.1.M;Komplexe Eingriffe am Ösophagus, Mortalität;Interventions complexes de l'œsophage, mortalité;Interventi complessi all'esofago, mortalità;Complex procedures on the esophagus, mortality
E.7.1.M;Eingriffe am Pankreas insgesamt ohne Transplantation (Alter >19), Mortalität;Total des interventions sur le pancréas sans transplantation (âge >19), mortalité;Interventi al pancreas senza trapianto (età >19), totale, mortalità;Total pancreatic procedures without transplantation (age >19), mortality
E.7.3.M;Pankreasresektionen bei bösartigen Neubildungen des Pankreas, inkl. IPMN (Alter >19), Mortalität;Résections du pancréas en cas de tumeurs malignes du pancréas, TIPMP inclus (âge >19), mortalité;Resezione del pancreas in caso di tumori maligni del pancreas, IPMN inclusi (età >19), mortalità;Pancreatic resections for malignant neoplasms of the pancreas, including IPMN (age >19), mortality
E.7.4.M;Andere lokale/kleinere Eingriffe am Pankreas (Alter >19), Mortalität;Autres interventions locales/plus petites sur le pancréas (âge >19), mortalité;Altri interventi chirurgici locali/più lievi al pancreas (età >19), mortalità;Other local/minor procedures on the pancreas (age >19), mortality
E.7.5.M;Anatomische Leberresektionen (Alter >19), Mortalität;Résections anatomiques du foie (âge >19), mortalité;Resezioni anatomiche del fegato (età >19), mortalità;Anatomical liver resections (age >19), mortality
E.7.6.M;Anatomische Leberresektionen von 4 und mehr Lebersegmenten (Alter >19), Mortalität;Résections anatomiques du foie avec quatre segments et plus (âge >19), mortalité;Resezioni anatomiche di 4 e più segmenti del fegato (età >19), mortalità;Anatomical liver resections of four or more liver segments (age >19), mortality
E.8.1.M;Bariatrische Chirurgie, Mortalität - SE;Chirurgie bariatrique, mortalité - SE;Chirurgia bariatrica, mortalità - SE;Bariatric surgery, mortality - SE
F.1.10.M;Perkutane extrakranielle Stentimplantation A. carotis bei HD Stenose (Alter >19), Mortalität - SE;Implantation percutanée de stents dans l'artère carotide en cas de DP sténose (âge >19), mortalité - SE;Impianto percutaneo extracranico di stent nella carotide in caso di DP stenosi (età >19), mortalità - SE;Percutaneous stent implantation in the carotid artery in cases with PD stenosis (age >19), mortality - SE
F.1.11.M;Perkutane extrakranielle Stentimplantation A. carotis bei anderer HD (Alter >19), Mortalität;Implantation percutanée de stents dans l'artère carotide en cas d'autre DP (âge >19), mortalité;Impianto percutaneo extracranico di stent nella carotide in caso di altra DP (età >19), mortalità;Percutaneous stent implantation in the carotid artery in cases with other PD (age >19), mortality
F.1.12.M;Perkutane extrakranielle Stentimplantation A. vertebralis (Alter >19), Mortalität;Implantation percutanée de stents dans l'artère vertébrale (âge >19), mortalité;Impianto percutaneo di stent nell'arteria vertebrale (età >19), mortalità;Percutaneous stent implantation in the vertebral artery (age >19), mortality
F.1.13.M;Weitere extrakranielle Gefäss­OP bei OP an Herz, Aorta, Beinarterien, bei Trauma oder bei HNO-Malignom (Alter >19), Mortalität;Autres OP des vaisseaux extra­crâniens en cas d'OP du cœur, de l'aorte, des artères des jambes, de traumatisme ou de tumeurs malignes ORL (âge >19), mortalité;Altre OP ai vasi extracranici in caso di OP al cuore, all'aorta, alle arterie delle gambe, di trauma o di tumori maligni ORL (età >19), mortalità;Other extracranial vascular surgery in cases with heart, aortic or leg artery surgery, trauma or ENT malignancy (age >19), mortality
F.1.6.M;Extrakranielle Gefäss­OP A. carotis (Alter >19), Mortalität;OP des vaisseaux extra­crâniens sur l'artère carotide (âge >19), mortalité;OP ai vasi extracranici all'arteria carotide (età >19), mortalità;Extracranial vascular surgery on the carotid artery (age >19), mortality
F.1.7.M;Extrakranielle Gefäss­OP A. vertebralis (Alter >19), Mortalität - SE;OP des vaisseaux extra­crâniens sur l'artère vertébrale (âge >19), mortalité - SE;OP ai vasi extracranici all'arteria vertebrale (età >19), mortalità - SE;Extracranial vascular surgery on the vertebral artery (age >19), mortality - SE
F.1.8.M;Perkutane extrakranielle Stentimplantation A. carotis (Alter >19), Mortalität;Implantation percutanée de stents dans l'artère carotide (âge >19), mortalité;Impianto percutaneo extracranico di stent nella carotide (età >19), mortalità;Percutaneous stent implantation in the carotid artery (age >19), mortality
F.1.9.M;Perkutane extrakranielle Stentimplantation A. carotis bei HD TIA oder Hirninfarkt (Alter >19), Mortalität;Implantation percutanée de stents dans l'artère carotide en cas de DP AIT ou d'infarctus cérébral (âge >19), mortalité;Impianto percutaneo extracranico di stent nella carotide in caso di DP TIA o infarto cerebrale (età >19), mortalità;Percutaneous stent implantation in the carotid artery in cases with PD TIA or cerebral infarction (age >19), mortality
F.2.10.M;Resektion/Ersatz der thorakalen/thorakoabdominalen Aorta bei Aneurysma, nicht rupturiert, ohne OP am Herzen, Mortalität;Résection/remplacement de l'aorte thoracique/thoraco­abdominale en cas d'anévrisme, sans rupture, sans OP du cœur, mortalité;Resezione/sostituzione dell'aorta toracica/toracicoaddominale in caso di aneurisma, senza lacerazione, senza OP al cuore, mortalità;Resection/replacement of the thoracic/thoracoabdominal aorta for aneurysm, not ruptured, without heart surgery, mortality
F.2.11.M;Resektion/Ersatz der thorakalen/thorakoabdominalen Aorta bei Aneurysma, nicht rupturiert, mit OP am Herzen, Mortalität;Résection/remplacement de l'aorte thoracique/thoraco­abdominale en cas d'anévrisme, sans rupture, avec OP du cœur, mortalité;Resezione/sostituzione dell'aorta toracica/toracicoaddominale in caso di aneurisma, senza lacerazione, con OP al cuore, mortalità;Resection/replacement of the thoracic/thoracoabdominal aorta for aneurysm, not ruptured, with heart surgery, mortality
F.2.12.M;Resektion/Ersatz der thorakalen/thorakoabdominalen Aorta ohne Aneurysma, Mortalität;Résection/remplacement de l'aorte thoracique/thoraco­abdominale sans anévrisme, mortalité;Resezione/sostituzione dell'aorta toracica/toracicoaddominale senza aneurisma, mortalità;Resection/replacement of the thoracic/thoracoabdominal aorta without aneurysm, mortality
F.2.2.M;Resektion/Ersatz der abdominalen Aorta bei Aneurysma, nicht rupturiert, OP offen, Mortalität;Résection/remplacement de l'aorte abdominale en cas d'anévrisme, sans rupture, OP à ciel ouvert, mortalité;Resezione/sostituzione dell'aorta addominale in caso di aneurisma, senza lacerazione, OP a cielo aperto, mortalità;Resection/replacement of the abdominal aorta for aneurysm, not ruptured, open surgery, mortality
F.2.3.M;Endovaskuläre Stent­Prothese der abdominalen Aorta bei Aneurysma (EVAR), nicht rupturiert, Mortalität;Prothèse stentgraft endovasculaire de l'aorte abdominale en cas d'anévrisme (EVAR), sans rupture, mortalité;Protesi endovascolare dell'aorta addominale in caso di aneurisma (EVAR), senza lacerazione, mortalità;Endovascular stent-graft prosthesis of the abdominal aorta for aneurysm (EVAR), not ruptured, mortality
F.2.5.M;Aortenaneurysma rupturiert, Mortalität;Anévrisme de l'aorte avec rupture, mortalité;Aneurisma aortico con lacerazione, mortalità;Ruptured aortic aneurysm, mortality
F.2.6.M;Aortenaneurysma rupturiert, mit OP, Mortalität;Anévrisme de l'aorte avec rupture, avec OP, mortalité;Aneurisma aortico con lacerazione, con OP, mortalità;Ruptured aortic aneurysm, with surgery, mortality
F.2.8.M;Resektion/Ersatz der abdominalen Aorta ohne Aneurysma, OP offen, Mortalität;Résection/remplacement de l'aorte abdominale sans anévrisme, OP à ciel ouvert, mortalité;Resezione/sostituzione dell'aorta addominale senza aneurisma, OP a cielo aperto, mortalità;Resection/replacement of the abdominal aorta without aneurysm, open surgery, mortality
F.2.9.M;Endovaskuläre Stent­Prothese der abdominalen Aorta ohne Aneurysma, Mortalität;Prothèse stentgraft endovasculaire de l'aorte abdominale sans anévrisme, mortalité;Protesi endovascolare dell'aorta addominale senza aneurisma, mortalità;Endovascular stent-graft prosthesis of the abdominal aorta without aneurysm, mortality
F.3.1.M;OP an Becken­/Beinarterien insgesamt, Mortalität;Total des OP des artères du bassin/des jambes, mortalité;OP alle arterie del bacino/delle gambe, totale, mortalità;Total surgery on pelvic/leg arteries, mortality
F.3.2.M;OP an Becken­/Beinarterien bei Claudicatio (Fontaine I+II), Mortalität - SE;OP des artères du bassin/des jambes en cas de claudication (Fontaine I+II), mortalité - SE;OP alle arterie del bacino/delle gambe in caso di claudicatio (Fontaine I+II), mortalità - SE;Surgery on pelvic/leg arteries in cases with claudication (Fontaine I+II), mortality - SE
F.3.3.M;OP an Becken­/Beinarterien bei Ruheschmerz (Fontaine III), Mortalität;OP des artères du bassin/des jambes en cas de douleurs au repos (Fontaine III), mortalité;OP alle arterie del bacino/delle gambe in caso di dolore a riposo (Fontaine III), mortalità;Surgery on pelvic/leg arteries in cases with rest pain (Fontaine III), mortality
F.3.4.M;OP an Becken­/Beinarterien bei Ulzeration oder Gangrän (Fontaine IV), Mortalität;OP des artères du bassin/des jambes en cas d'ulcération ou de gangrène (Fontaine IV), mortalité;OP alle arterie del bacino/delle gambe in caso di ulcera o cancrena (Fontaine IV), mortalità;Surgery on pelvic/leg arteries in cases with ulceration or gangrene (Fontaine IV), mortality
F.3.5.M;OP an Becken­/Beinarterien bei arterieller Embolie/Thrombose, Mortalität;OP des artères du bassin/des jambes en cas d'embolie/de thrombose des artères, mortalité;OP alle arterie del bacino/delle gambe in caso di embolia/trombosi, mortalità;Surgery on pelvic/leg arteries in cases with arterial embolism/thrombosis, mortality
F.3.6.M;OP an Becken­/Beinarterien bei Komplikationen durch Prothesen/Implantate, Mortalität;OP des artères du bassin/des jambes en cas de complications dues à des prothèses/implants, mortalité;OP alle arterie del bacino/delle gambe in caso di complicanze dovute a protesi/impianti, mortalità;Surgery on pelvic/leg arteries in cases with complications due to prostheses/implants, mortality
F.3.7.M;OP an Becken­/Beinarterien bei Aneurysma/Dissektion, Mortalität;OP des artères du bassin/des jambes en cas d'anévrisme/de dissection, mortalité;OP alle arterie del bacino/delle gambe in caso di aneurisma/dissecazione, mortalità;Surgery on pelvic/leg arteries in cases with aneurysm/dissection, mortality
F.4.1.M;Amputation im Fussbereich, kein Trauma, Mortalität;Amputation non traumatique au niveau du pied, mortalité;Amputazione non traumatica nella regione del piede, mortalità;Non-traumatic amputation in the foot region, mortality
F.4.2.M;Amputation untere Extremität, kein Trauma, Mortalität;Amputation non traumatique de membre inférieur, mortalité;Amputazione non traumatica delle estremità inferiori, mortalità;Non-traumatic amputation of the lower limb, mortality
F.5.1.M;PTA an abdominalen/Becken­/Beinarterien ohne Aorta, Mortalität;ATP des artères de l'abdomen/du bassin/des jambes hormis aorte, mortalité;PTA di arterie addominali/del bacino/delle gambe esclusa l'aorta, mortalità;PTA of abdominal/pelvic/leg arteries excluding the aorta, mortality
F.5.4.M;PTA an abdominalen/Becken­/Beinarterien ohne Aorta bei Claudicatio (Fontaine I+II), Mortalität - SE;ATP des artères de l'abdomen/du bassin/des jambes hormis aorte en cas de claudication (Fontaine I+II), mortalité - SE;PTA di arterie addominali/del bacino/delle gambe esclusa l'aorta in caso di claudicatio (Fontaine I+II), mortalità - SE;PTA of abdominal/pelvic/leg arteries excluding the aorta in cases with claudication (Fontaine I+II), mortality - SE
F.5.5.M;PTA an abdominalen/Becken­/Beinarterien ohne Aorta bei Ruheschmerz (Fontaine III), Mortalität;ATP des artères de l'abdomen/du bassin/des jambes hormis aorte en cas de douleurs au repos (Fontaine III), mortalité;PTA di arterie addominali/del bacino/delle gambe esclusa l'aorta in caso di dolore a riposo (Fontaine III), mortalità;PTA of abdominal/pelvic/leg arteries excluding the aorta in cases with rest pain (Fontaine III), mortality
F.5.6.M;PTA an abdominalen/Becken­/Beinarterien ohne Aorta bei Ulzeration oder Gangrän (Fontaine IV), Mortalität;ATP des artères de l'abdomen/du bassin/des jambes hormis aorte en cas d'ulcération ou de gangrène (Fontaine IV), mortalité;PTA di arterie addominali/del bacino/delle gambe esclusa l'aorta in caso di ulcera o cancrena (Fontaine IV), mortalità;PTA of abdominal/pelvic/leg arteries excluding the aorta in cases with ulceration or gangrene (Fontaine IV), mortality
F.5.7.M;PTA an abdominalen/Becken­/Beinarterien bei anderen Diagnosen oder OP an Aorta oder Amputation, Mortalität;ATP des artères de l'abdomen/du bassin/des jambes en cas d'autre diagnostic ou d'une OP de l'aorte ou d'une amputation, mortalité;PTA di arterie addominali/del bacino/delle gambe in caso di altre diagnosi o di OP aortica o di amputazione, mortalità;PTA of abdominal/pelvic/leg arteries in cases with other diagnosis or aortic surgery or amputation, mortality
G.3.1.M;Hysterektomie bei gutartigen Erkrankungen (Alter >14), Mortalität - SE;Hystérectomie pour affections bénignes (âge >14), mortalité - SE;Isterectomia per malattie benigne (età >14), mortalità - SE;Hysterectomy for benign conditions (age >14), mortality - SE
G.4.4.M;Ovariektomie bei bösartigen Neubildungen der Ovarien, Mortalität;Ovariectomie en cas de tumeurs malignes des ovaires, mortalité;Ovariectomia in caso di tumori maligni delle ovaie, mortalità;Oophorectomy for malignant neoplasms of the ovaries, mortality
G.4.6.M;Hysterektomie bei bösartigen Neubildungen des Uterus, Mortalität - SE;Hystérectomie en cas de tumeurs malignes de l'utérus, mortalité - SE;Isterectomia in caso di tumori maligni dell'utero, mortalità - SE;Hysterectomy for malignant neoplasms of the uterus, mortality - SE
H.1.10.M;Nephrektomie bei anderer Diagnose, Mortalität;Néphrectomie pour autre diagnostic, mortalité;Nefrectomia per altra diagnosi, mortalità;Nephrectomy for other diagnosis, mortality
H.1.5.M;Partielle Nephrektomie bei bösartigen Neubildungen der Niere, Mortalität - SE;Néphrectomie partielle en cas de tumeurs malignes du rein, mortalité - SE;Nefrectomia parziale per tumori maligni del rene, mortalità - SE;Partial nephrectomy for malignant neoplasms of the kidney, mortality - SE
H.1.7.M;Partielle Nephrektomie bei anderer Diagnose, Mortalität - SE;Néphrectomie partielle pour autre diagnostic, mortalité - SE;Nefrectomia parziale per altra diagnosi, mortalità - SE;Partial nephrectomy for other diagnosis, mortality - SE
H.1.8.M;Nephrektomie bei bösartigen Neubildungen der Niere, Mortalität;Néphrectomie en cas de tumeurs malignes du rein, mortalité;Nefrectomia per tumori maligni del rene, mortalità;Nephrectomy for malignant neoplasms of the kidney, mortality
H.3.5.M;Zystektomie, Mortalität;Cystectomie, mortalité;Cistectomia, mortalità;Cystectomy, mortality
H.3.6.M;Eviszeration des Beckens bei Mann oder Frau, Mortalität;Éviscération pelvienne chez l'homme ou la femme, mortalité;Eviscerazione pelvica nell'uomo o nella donna, mortalità;Pelvic exenteration in men or women, mortality
H.4.3.M;TUR der Prostata bei gutartigen Erkrankungen, Mortalität - SE;RTU de la prostate pour affections bénignes, mortalité - SE;TUR della prostata per malattie benigne, mortalità - SE;TUR of the prostate for benign conditions, mortality - SE
H.4.4.M;TUR der Prostata bei bösartigen Neubildungen, Mortalität - SE;RTU de la prostate en cas de tumeurs malignes, mortalité - SE;TUR della prostata per tumori maligni, mortalità - SE;TUR of the prostate for malignant neoplasms, mortality - SE
H.5.2.M;Radikale Prostatovesikulektomie, Mortalität - SE;Prostatovésiculectomie radicale, mortalité - SE;Prostatovescicolectomia radicale, mortalità - SE;Radical prostatovesiculectomy, mortality - SE
I.1.10.M;Hüft­Endoprothesen­Erstimplantation bei anderen Diagnosen (nicht in I.1.8.F, I.1.9.F), Mortalität;Première implantation d'endoprothèse de hanche en cas d'autre diagnostic (non spécifiée dans I.1.8.F, I.1.9.F), mortalité;Primo impianto dell'endoprotesi dell'anca in caso di altre diagnosi (non in I.1.8.F, I.1.9.F), mortalità;First hip endoprosthesis implantation for other diagnosis (not specified in I.1.8.F, I.1.9.F), mortality
I.1.12.M;Hüft­Endoprothesen­Wechsel ohne HD Frakturen oder Infektionen, Mortalität - SE;Changement d’endoprothèse de hanche sans DP fractures ou infections, mortalité - SE;Sostituzione dell’endoprotesi dell’anca senza DP fratture o infezioni, mortalità - SE;Hip endoprosthesis revision without PD fractures or infections, mortality - SE
I.1.13.M;Hüft­Endoprothesen­Wechsel ohne HD Frakturen oder Infektionen mit Sonderprothese, Mortalität;Changement d'endoprothèse de hanche sans DP fractures ou infections avec prothèse spéciale, mortalité;Sostituzione dell'endoprotesi dell'anca senza DP fratture o infezioni con protesi speciale, mortalità;Hip endoprosthesis revision without PD fractures or infections with special prosthesis, mortality
I.1.14.M;Hüft­Endoprothesen­Wechsel mit HD Frakturen oder Infektionen, Mortalität;Changement d'endoprothèse de hanche en cas de DP fractures ou infections, mortalité;Sostituzione dell'endoprotesi dell'anca con DP fratture o infezioni, mortalità;Hip endoprosthesis revision in cases with PD fractures or infections, mortality
I.1.15.M;Knie­Endoprothesen­Erstimplantation bei HD Gonarthrose oder chronischer Arthritis, Mortalität - SE;Première implantation d'endoprothèse de genou en cas de DP gonarthrose ou arthrite chronique, mortalité - SE;Primo impianto dell'endoprotesi del ginocchio con DP gonartrosi o artrite cronica, mortalità - SE;First knee endoprosthesis implantation in cases with PD gonarthrosis or chronic arthritis, mortality - SE
I.1.16.M;Knie­Endoprothesen­Erstimplantation bei anderen Diagnosen (nicht in I.1.15.F), Mortalität - SE;Première implantation d'endoprothèse de genou en cas d'autre diagnostic (non spécifiée dans I.1.15.F), mortalité - SE;Primo impianto dell'endoprotesi del ginocchio in caso di altre diagnosi (non in I.1.15.F), mortalità - SE;First knee endoprosthesis implantation for other diagnosis (not specified in I.1.15.F), mortality - SE
I.1.18.M;Knie­Endoprothesen­Wechsel ohne HD Frakturen oder Infektionen, Mortalität - SE;Changement d’endoprothèse de genou sans DP fractures ou infections, mortalité - SE;Sostituzione dell’endoprotesi del ginocchio senza DP fratture o infezioni, mortalità - SE;Knee endoprosthesis revision without PD fractures or infections, mortality - SE
I.1.19.M;Knie­Endoprothesen­Wechsel ohne HD Frakturen oder Infektionen mit Sonderprothese, Mortalität - SE;Changement d'endoprothèse de genou sans DP fractures ou infections avec prothèse spéciale, mortalité - SE;Sostituzione dell'endoprotesi del ginocchio senza DP fratture o infezioni con protesi speciale, mortalità - SE;Knee endoprosthesis revision without PD fractures or infections with special prosthesis, mortality - SE
I.1.20.M;Knie­Endoprothesen­Wechsel mit HD Frakturen oder Infektionen, Mortalität;Changement d'endoprothèse de genou en cas de DP fractures ou infections, mortalité;Sostituzione dell'endoprotesi del ginocchio con DP fratture o infezioni, mortalità;Knee endoprosthesis revision in cases with PD fractures or infections, mortality
I.1.21.M;Hüft­ oder Knie­Endoprothesen­Eingriffe bei Tumor, Mortalität;Interventions de l'endoprothèse de hanche ou de genou en cas de tumeurs, mortalité;Interventi di endoprotesi dell'anca o del ginocchio in caso di tumore, mortalità;Hip or knee endoprosthesis procedures in cases with tumor, mortality
I.1.22.M;Hüft­ und Knie­Endoprothesen­Eingriffe kombiniert, Mortalität;Interventions combinées de l'endoprothèse de hanche et de genou, mortalité;Interventi combinati di endoprotesi dell'anca e del ginocchio, mortalità;Combined hip and knee endoprosthesis procedures, mortality
I.1.8.M;Hüft­Endoprothesen­Erstimplantation bei HD Koxarthrose oder chronischer Arthritis, Mortalität - SE;Première implantation d'endoprothèse de hanche en cas de DP coxarthrose ou arthrite chronique, mortalité - SE;Primo impianto dell'endoprotesi dell'anca con DP coxartrosi o artrite cronica, mortalità - SE;First hip endoprosthesis implantation in cases with PD coxarthrosis or chronic arthritis, mortality - SE
I.1.9.M;Hüft­Endoprothesen­Erstimplantation bei HD Schenkelhals­ oder pertrochantärer Fraktur, Mortalität;Première implantation d'endoprothèse de hanche en cas de DP fracture du col du fémur ou du trochanter, mortalité;Primo impianto dell'endoprotesi dell'anca con DP frattura del collo del femore o pertrocanterica, mortalità;First hip endoprosthesis implantation in cases with PD femoral neck or pertrochanteric fracture, mortality
I.2.10.M;Versteifung der Wirbelsäule oder Wirbelkörperersatz, ab 3 Wirbelkörpern (ohne Tumor, Trauma, komplexe Rekonstitutionen), Mortalität - SE;Raidissement de la colonne vertébrale ou remplacement de corps vertébral, 3 corps vértebraux et plus (sans tumeur, traumatisme, réparations complexes), mortalité - SE;Fusione spinale o sostituzione di vertebre, 3 e più vertebre (senza tumore, trauma o ricostruzioni complesse), mortalità - SE;Spinal fusion or vertebral body replacement, 3 or more vertebral bodies (without tumor, trauma or complex reconstructions), mortality - SE
I.2.13.M;Vertebroplastik/Kyphoplastik (ohne Tumor, komplexe Rekonstitutionen, Versteifung, Wirbelkörperersatz, Eingriffe an Bandscheiben), Mortalität - SE;Vertébroplastie/kyphoplastie (sans tumeur, réparations complexes, fusion vertébrale, remplacement de corps vertébral, interventions aux disques intervertébraux), mortalité - SE;Vertebroplastica/cifoplastica (senza tumore, ricostruzioni complesse, fusione spinale, sostituzione di vertebre o interventi ai dischi intervertebrali), mortalità - SE;Vertebroplasty/kyphoplasty (without tumor, complex reconstructions, spinal fusion, vertebral body replacement or intervertebral disc procedures), mortality - SE
I.2.14.M;Andere OP an der Wirbelsäule oder am Rückenmark (nicht in I.2.5.F, I.2.7.F, I.2.8.F, I.2.9.F, I.2.10.F, I.2.13.F, I.2.18.F, I.2.19.F, I.2.20.F, I.2.21.F ), Mortalität;Autres OP de la colonne vertébrale ou de la moelle épinière (non spécifiée dans I.2.5.F, I.2.7.F, I.2.8.F, I.2.9.F, I.2.10.F, I.2.13.F, I.2.18.F, I.2.19.F, I.2.20.F, I.2.21.F ), mortalité;Altre OP alla colonna vertebrale o al midollo spinale (non in I.2.5.F, I.2.7.F, I.2.8.F, I.2.9.F, I.2.10.F, I.2.13.F, I.2.18.F, I.2.19.F, I.2.20.F, I.2.21.F ), mortalità;Other surgery on the spine or spinal cord (not specified in I.2.5.F, I.2.7.F, I.2.8.F, I.2.9.F, I.2.10.F, I.2.13.F, I.2.18.F, I.2.19.F, I.2.20.F, I.2.21.F), mortality
I.2.18.M;OP an der Wirbelsäule bei Diszitis oder Osteomyelitis der Wirbelsäule, Mortalität;OP de la colonne vertébrale en cas de discite ou d'ostéomyélite, mortalité;OP alla colonna vertebrale per discite od osteomielite, mortalità;Spinal surgery in cases with discitis or osteomyelitis of the spine, mortality
I.2.19.M;Versteifung der Wirbelsäule oder Wirbelkörperersatz bei Trauma (inkl. komplexe Rekonstitutionen), Mortalität;Raidissement de la colonne vertébrale ou remplacement de corps vertébral en cas de traumatisme (réparations complexes incluses), mortalité;Fusione spinale o sostituzione di vertebre in caso di trauma (ricostruzioni complesse incluse), mortalità;Spinal fusion or vertebral body replacement in cases with trauma (including complex reconstructions), mortality
I.2.20.M;Dekompression der Wirbelsäule, Mortalität - SE;Décompression de la colonne vertébrale, mortalité - SE;Decompressione della colonna vertebrale, mortalità - SE;Spinal decompression, mortality - SE
I.2.21.M;Exzision von Bandscheibengewebe (ohne Tumor, Trauma, Dekompression, komplexe OP an Wirbelsäule), Mortalität - SE;Discectomie (sans tumeur, traumatisme, décompression, OP complexe de la colonne vertébrale), mortalité - SE;Escissione dei tessuti intervertebrali (senza tumore, trauma, decompressione o OP complessa alla colonna vertrebrale), mortalità - SE;Discectomy (without tumor, trauma, decompression or complex spinal surgery), mortality - SE
I.2.5.M;Versteifung der Wirbelsäule oder Wirbelkörperersatz bei Tumor (inkl. komplexe Rekonstitutionen), Mortalität;Raidissement de la colonne vertébrale ou remplacement de corps vertébral en cas de tumeur (réparations complexes incluses), mortalité;Fusione spinale o sostituzione di vertebre in caso di tumore (ricostruzioni complesse incluse), mortalità;Spinal fusion or vertebral body replacement in cases with tumor (including complex reconstructions), mortality
I.2.7.M;Komplexe Rekonstruktionen der Wirbelsäule (ohne Tumor, Trauma), Mortalität - SE;Réparations complexes de la colonne vertébrale (sans tumeur, traumatisme), mortalité - SE;Ricostruzioni complesse della colonna vertebrale (senza tumore o trauma), mortalità - SE;Complex spinal reconstructions (without tumor or trauma), mortality - SE
I.2.8.M;Versteifung der Wirbelsäule oder Wirbelkörperersatz, 1 Wirbelkörper (ohne Tumor, Trauma, komplexe Rekonstitutionen), Mortalität - SE;Raidissement de la colonne vertébrale ou remplacement de corps vertébral, 1 corps vértebral (sans tumeur, traumatisme, réparations complexes), mortalité - SE;Fusione spinale o sostituzione di vertebre, 1 vertebra (senza tumore, trauma o ricostruzioni complesse), mortalità - SE;Spinal fusion or vertebral body replacement, 1 vertebral body (without tumor, trauma or complex reconstructions), mortality - SE
I.2.9.M;Versteifung der Wirbelsäule oder Wirbelkörperersatz, 2 Wirbelkörper (ohne Tumor, Trauma, komplexe Rekonstitutionen), Mortalität - SE;Raidissement de la colonne vertébrale ou remplacement de corps vertébral, 2 corps vértebraux (sans tumeur, traumatisme, réparations complexes), mortalité - SE;Fusione spinale o sostituzione di vertebre, 2 vertebre (senza tumore, trauma o ricostruzioni complesse), mortalità - SE;Spinal fusion or vertebral body replacement, 2 vertebral bodies (without tumor, trauma or complex reconstructions), mortality - SE
I.3.10.M;HD Schenkelhalsfraktur mit endoprothetischer Versorgung (Alter >19), Mortalität;DP fracture du col du fémur avec traitement par endoprothèse (âge >19), mortalité;DP frattura del collo del femore con trattamento endoprotesico (età >19), mortalità;PD femoral neck fracture treated with endoprosthesis (age >19), mortality
I.3.11.M;HD Schenkelhalsfraktur mit osteosynthetischer Versorgung (Alter >19), Mortalität;DP fracture du col du fémur avec traitement par ostéosynthèse (âge >19), mortalité;DP frattura del collo del femore con trattamento osteosintetico (età >19), mortalità;PD femoral neck fracture treated with osteosynthesis (age >19), mortality
I.3.14.M;HD pertrochantäre Fraktur mit operativer Versorgung (Alter >19), Mortalität;DP fracture du trochanter avec traitement opératoire (âge >19), mortalité;DP frattura pertrocanterica con trattamento chirurgico (età >19), mortalità;PD trochanteric fracture treated surgically (age >19), mortality
I.3.15.M;HD pertrochantäre Fraktur mit endoprothetischer Versorgung (Alter >19), Mortalität;DP fracture du trochanter avec traitement par endoprothèse (âge >19), mortalité;DP frattura pertrocanterica con trattamento endoprotesico (età >19), mortalità;PD trochanteric fracture treated with endoprosthesis (age >19), mortality
I.3.16.M;HD pertrochantäre Frakturmit osteosynthetischer Versorgung (Alter >19), Mortalität;DP fracture du trochanter avec traitement par ostéosynthèse (âge >19), mortalité;DP frattura pertrocanterica con trattamento osteosintetico (età >19), mortalità;PD trochanteric fracture treated with osteosynthesis (age >19), mortality
I.3.19.M;HD hüftgelenknahe Fraktur mit konservativer Versorgung (Alter >19), Direktaufnahmen, Mortalität;DP fracture métaphysaire de la hanche avec traitement conservateur (âge >19), admissions directes, mortalité;DP frattura periarticolare dell'anca con trattamento conservativo (età >19), ammissioni dirette, mortalità;PD metaphyseal fracture near the hip treated conservatively (age >19), direct admissions, mortality
I.3.20.M;HD hüftgelenknahe Fraktur mit konservativer Versorgung (Alter >19), Zuverlegungen, Mortalität;DP fracture métaphysaire de la hanche avec traitement conservateur (âge >19), transféré d'un autre hôpital, mortalité;DP frattura periarticolare dell'anca con trattamento conservativo (età >19), trasferito da un altro ospedale, mortalità;PD metaphyseal fracture near the hip treated conservatively (age >19), transferred from another hospital, mortality
I.3.21.M;HD hüftgelenknahe Fraktur bei Tumor, Hüftfraktur oder Sonderprothese (Alter >19), Mortalität;DP fracture métaphysaire de la hanche en présence d’une tumeur, d’une fracture de la hanche ou d’une prothèse spéciale (âge >19), mortalité;DP frattura periarticolare dell'anca con tumore, frattura dell'anca o protesi speciale (età >19), mortalità;PD metaphyseal fracture near the hip in the presence of a tumor, hip fracture or special prosthesis (age >19), mortality
I.3.9.M;HD Schenkelhalsfraktur mit operativer Versorgung (Alter >19), Mortalität;DP fracture du col du fémur avec traitement opératoire (âge >19), mortalité;DP frattura del collo del femore con trattamento chirurgico (età >19), mortalità;PD femoral neck fracture treated surgically (age >19), mortality
J.1.1.M;Beatmungsfälle >24 h (ohne Neugeborene), Mortalität;Cas de respiration artificielle >24 h (à l'exclusion des nouveau­nés), mortalité;Casi di ventilazione meccanica >24 h (neonati esclusi), mortalità;Cases with mechanical ventilation >24 h (excluding newborns), mortality
J.1.10.M;Beatmungsfälle >24 h mit COVID-19 (ohne Neugeborene), Mortalität;Cas de respiration artificielle >24 h avec COVID-19 (à l'exclusion des nouveau­nés), mortalité;Casi di ventilazione meccanica >24 h con COVID-19 (neonati esclusi), mortalità;Cases with mechanical ventilation >24 h with COVID-19 (excluding newborns), mortality
J.1.4.M;Beatmungsfälle >24 h (ohne Neugeborene), Direktaufnahmen, Mortalität;Cas de respiration artificielle >24 h (à l'exclusion des nouveau­nés), admissions directes, mortalité;Casi di ventilazione meccanica >24 h (neonati esclusi), ammissioni dirette, mortalità;Cases with mechanical ventilation >24 h (excluding newborns), direct admissions, mortality
J.1.5.M;Beatmungsfälle >24 h mit OP (ohne Neugeborene), Mortalität;Cas de respiration artificielle >24 h avec OP (à l'exclusion des nouveau­nés), mortalité;Casi di ventilazione meccanica >24 h con OP (neonati esclusi), mortalità;Cases with mechanical ventilation >24 h with surgery (excluding newborns), mortality
J.1.6.M;Beatmungsfälle >24 h ohne OP (ohne Neugeborene), Mortalität;Cas de respiration artificielle >24 h sans OP (à l'exclusion des nouveau­nés), mortalité;Casi di ventilazione meccanica >24 h senza OP (neonati esclusi), mortalità;Cases with mechanical ventilation >24 h without surgery (excluding newborns), mortality
J.1.9.M;Beatmungsfälle >24 h ohne COVID-19 (ohne Neugeborene), Mortalität;Cas de respiration artificielle >24 h sans COVID-19 (à l'exclusion des nouveau­nés), mortalité;Casi di ventilazione meccanica >24 h senza COVID-19 (neonati esclusi), mortalità;Cases with mechanical ventilation >24 h without COVID-19 (excluding newborns), mortality
J.2.1.M;HD Sepsis durch bakterielle Erreger, Mortalität;DP septicémie due à des agents bactériens, mortalité;DP sepsi batterica, mortalità;PD sepsis due to bacterial agents, mortality
J.2.2.M;HD Sepsis durch bakterielle Erreger mit Organkomplikation/Schock, Mortalität;DP septicémie due à des agents bactériens avec complications d'organe/choc, mortalité;DP sepsi batterica con complicazione d'organo/shock, mortalità;PD sepsis due to bacterial agents with organ complications/shock, mortality
J.2.3.M;HD Sepsis durch bakterielle Erreger ohne Organkomplikation/Schock, Mortalität;DP septicémie due à des agents bactériens sans complications d'organe/choc, mortalité;DP sepsi batterica senza complicazione d'organo/shock, mortalità;PD sepsis due to bacterial agents without organ complications/shock, mortality
J.2.4.M;ND Sepsis durch bakterielle Erreger oder SIRS, Mortalität;DS septicémie due à des agents bactériens ou SIRS, mortalité;DS sepsi batterica o SIRS, mortalità;SD sepsis due to bacterial agents or SIRS, mortality
J.2.5.M;ND Sepsis durch bakterielle Erreger oder SIRS mit Organkomplikation/Schock, Mortalität;DS septicémie due à des agents bactériens ou SIRS avec complications d'organe/choc, mortalité;DS sepsi batterica o SIRS con complicazione d'organo/shock, mortalità;SD sepsis due to bacterial agents or SIRS with organ complications/shock, mortality
J.2.6.M;SIRS ohne Organkomplikationen, Mortalität;SIRS sans complications d'organe, mortalité;SIRS senza complicazioni d'organo, mortalità;SIRS without organ complications, mortality
J.2.7.M;Sepsis durch nicht-bakterielle Erreger, Mortalität;Septicémie due à des agents non bactériens, mortalité;Sepsi da agenti non batterici, mortalità;Sepsis due to non-bacterial agents, mortality
J.3.10.M;OP am Herzen offen chirurgisch mit Transfusion von >4 EK oder TK und IPS, Mortalität;OP à cœur ouvert avec transfusion de CE ou CP >4 et USI, mortalité;OP chirurgica a cuore aperto con trasfusione di CE o CT > 4 e UCI, mortalità;Open-heart surgery with transfusion of >4 RBC or platelet concentrates and ICU, mortality
J.3.6.M;Konservative Versorgung mit Transfusion von >4 EK oder TK und IPS (ohne Polytrauma, oder Hämato-Onkologische Diagnose), Mortalität;Transfusion avec CE ou CP >4 et USI (sans traumatisme multiple ou diagnostic hémato-oncologique), traitement conservateur, mortalité;Trattamento conservativo con trasfusione di CE o CP > 4 e UCI (senza politrauma o diagnosi emato-oncologica), mortalità;Conservative treatment with transfusion of >4 RBC or platelet concentrates and ICU (without multiple trauma or hemato-oncological diagnosis), mortality
J.3.7.M;OP mit Transfusion von >4 EK oder TK und IPS (ohne Organtransplantation, Polytrauma, OP am Herzen offen oder Hämato-Onkologische Diagnose), Mortalität;Transfusion avec CE ou CP >4 et USI (sans transplantation d’organe, traumatisme multiple, OP à cœur ouvert ou diagnostic hémato-oncologique), traitement opératoire, mortalité;OP con trasfusione di CE o CP > 4 e UCI (senza trapianto d’organi, politrauma, OP chirurgica a cuore aperto o diagnosi emato-oncologica), mortalità;Surgical treatment with transfusion of >4 RBC or platelet concentrates and ICU (without organ transplantation, multiple trauma, open-heart surgery or hemato-oncological diagnosis), mortality
J.3.8.M;ND Lungenembolie bei Fällen mit therapeutischen Massnahmen, Mortalität;DS embolie pulmonaire pour les cas avec mesures thérapeutiques, mortalité;DS embolia polmonare in casi con misure terapeutiche, mortalità;SD pulmonary embolism in cases with therapeutic measures, mortality
